ID,POINT_X,POINT_Y,SCIENTIFIC,ADDRESS,PLOTTYPE,PLOTLENGTH,PLOTWIDTH,POWERLINE,OWNER,STEWARD,SPONSOR,DATEPLANTED,DIAMETER,HEIGHT,CANOPYHEIGHT,CONDITION,CANOPYCONDITION
71700780,73.819746,18.547308,melaleuca bracteata,"Sakal Nagar,Pune",,,,FLASE,PMC,No,,,15.04585987,60,,,
71700641,73.820335,18.546855,olea dioica,"Sakal Nagar,Pune",,,,FLASE,PMC,No,,,5.015286624,40,,,
71600011,73.821371,18.545766,alstonia macrophylla,"Sakal Nagar,Pune",,,,FLASE,PMC,No,,,2.507643312,20,,,
71700709,73.820114,18.54708,cocos nucifera,"Sakal Nagar,Pune",,,,FLASE,PMC,No,,,5.015286624,50,,,
71300049,73.826425,18.544351,ficus benghalensis,"Sakal Nagar,Pune",,,,FLASE,PMC,No,,,125.3821656,90,,,
71400055,73.826045,18.544888,ficus benghalensis,"Sakal Nagar,Pune",,,,FLASE,PMC,No,,,75.22929936,80,,,
71300038,73.825629,18.54309,samanea saman (Albizia saman),"Sakal Nagar,Pune",,,,FLASE,PMC,No,,,50.15286624,70,,,
71400057,73.826058,18.544918,tamarindus indica,"Sakal Nagar,Pune",,,,FLASE,PMC,No,,,50.15286624,70,,,
71700887,73.819326,18.548197,coccothrinax argentata,"Sakal Nagar,Pune",,,,FLASE,PMC,No,,,3.13455414,70,,,
71300044,73.826772,18.543815,ficus benghalensis,"Sakal Nagar,Pune",,,,FLASE,PMC,No,,,62.6910828,60,,,
71300047,73.82667,18.544167,ficus benghalensis,"Sakal Nagar,Pune",,,,FLASE,PMC,No,,,37.61464968,60,,,
71500099,73.823554,18.548297,ficus benghalensis,"Sakal Nagar,Pune",,,,FLASE,PMC,No,,,50.15286624,60,,,
71700645,73.820362,18.54687,cocos nucifera,"Sakal Nagar,Pune",,,,FLASE,PMC,No,,,15.04585987,60,,,
71700707,73.820132,18.54705,bauhinia tomentosa,"Sakal Nagar,Pune",,,,FLASE,PMC,No,,,15.04585987,60,,,
71700770,73.819431,18.54706,polyalthia longifolia,"Sakal Nagar,Pune",,,,FLASE,PMC,No,,,11.2843949,60,,,
71700654,73.820493,18.54729,azadirachta indica,"Sakal Nagar,Pune",,,,FLASE,PMC,No,,,15.04585987,60,,,
71700828,73.819262,18.547986,cocos nucifera,"Sakal Nagar,Pune",,,,FLASE,PMC,No,,,6.26910828,60,,,
71700886,73.819375,18.548181,grevillea robusta,"Sakal Nagar,Pune",,,,FLASE,PMC,No,,,5.015286624,60,,,
71700966,73.819546,18.54928,polyalthia longifolia,"Sakal Nagar,Pune",,,,FLASE,PMC,No,,,4.388375796,60,,,
71700914,73.819184,18.549299,polyalthia longifolia,"Sakal Nagar,Pune",,,,FLASE,PMC,No,,,5.015286624,60,,,
71700968,73.819512,18.549302,polyalthia longifolia,"Sakal Nagar,Pune",,,,FLASE,PMC,No,,,15.04585987,60,,,
71700975,73.81942,18.54934,calophyllum inophyllum,"Sakal Nagar,Pune",,,,FLASE,PMC,No,,,7.522929936,60,,,
71700933,73.819154,18.549829,polyalthia longifolia,"Sakal Nagar,Pune",,,,FLASE,PMC,No,,,3.13455414,60,,,
71700935,73.819189,18.549858,leucaena latisiliqua,"Sakal Nagar,Pune",,,,FLASE,PMC,No,,,37.61464968,60,,,
71500023,73.822764,18.545513,cocos nucifera,"Sakal Nagar,Pune",,,,FLASE,PMC,No,,,11.2843949,55,,,
71500029,73.8227,18.545544,jacaranda mimosifolia,"Sakal Nagar,Pune",,,,FLASE,PMC,No,,,12.53821656,55,,,
71500029,73.822632,18.545473,jacaranda mimosifolia,"Sakal Nagar,Pune",,,,FLASE,PMC,No,,,15.04585987,55,,,
71500193,73.822859,18.546588,cocos nucifera,"Sakal Nagar,Pune",,,,FLASE,PMC,No,,,37.61464968,55,,,
71500206,73.822581,18.546586,tectona grandis,"Sakal Nagar,Pune",,,,FLASE,PMC,No,,,8.776751592,55,,,
71500436,73.823547,18.544882,azadirachta indica,"Sakal Nagar,Pune",,,,FLASE,PMC,No,,,10.03057325,55,,,
71700797,73.819902,18.547125,grevillea robusta,"Sakal Nagar,Pune",,,,FLASE,PMC,No,,,10.03057325,55,,,
71700940,73.81915,18.549738,cocos nucifera,"Sakal Nagar,Pune",,,,FLASE,PMC,No,,,18.80732484,55,,,
71500043,73.82191,18.546823,eucalyptus citriodora,"Sakal Nagar,Pune",,,,FLASE,PMC,No,,,8.776751592,54,,,
71300042,73.826108,18.542682,leucaena latisiliqua,"Sakal Nagar,Pune",,,,FLASE,PMC,No,,,15.04585987,50,,,
71300053,73.826285,18.544621,delonix regia,"Sakal Nagar,Pune",,,,FLASE,PMC,No,,,18.80732484,50,,,
71400065,73.82553,18.545541,ficus benghalensis,"Sakal Nagar,Pune",,,,FLASE,PMC,No,,,100.3057325,50,,,
71400066,73.825435,18.545754,delonix regia,"Sakal Nagar,Pune",,,,FLASE,PMC,No,,,50.15286624,50,,,
71400071,73.825233,18.545977,ficus benghalensis,"Sakal Nagar,Pune",,,,FLASE,PMC,No,,,62.6910828,50,,,
71500093,73.82384,18.547924,tamarindus indica,"Sakal Nagar,Pune",,,,FLASE,PMC,No,,,37.61464968,50,,,
71500098,73.82364,18.548162,delonix regia,"Sakal Nagar,Pune",,,,FLASE,PMC,No,,,37.61464968,50,,,
71500100,73.823552,18.548351,ficus benghalensis,"Sakal Nagar,Pune",,,,FLASE,PMC,No,,,50.15286624,50,,,
71500105,73.823305,18.548691,ficus benghalensis,"Sakal Nagar,Pune",,,,FLASE,PMC,No,,,50.15286624,50,,,
71500106,73.823235,18.548746,ficus benghalensis,"Sakal Nagar,Pune",,,,FLASE,PMC,No,,,37.61464968,50,,,
71500107,73.823222,18.548892,ficus benghalensis,"Sakal Nagar,Pune",,,,FLASE,PMC,No,,,50.15286624,50,,,
71500098,73.821911,18.547518,eucalyptus citriodora,"Sakal Nagar,Pune",,,,FLASE,PMC,No,,,28.83789809,50,,,
71500139,73.822433,18.547295,spathodea campanulata,"Sakal Nagar,Pune",,,,FLASE,PMC,No,,,5.015286624,50,,,
71500196,73.822785,18.546575,leucaena latisiliqua,"Sakal Nagar,Pune",,,,FLASE,PMC,No,,,7.522929936,50,,,
71500197,73.822745,18.546608,leucaena latisiliqua,"Sakal Nagar,Pune",,,,FLASE,PMC,No,,,7.522929936,50,,,
71500200,73.822738,18.546587,polyalthia longifolia,"Sakal Nagar,Pune",,,,FLASE,PMC,No,,,3.761464968,50,,,
71500270,73.823103,18.545671,araucaria heterophylla,"Sakal Nagar,Pune",,,,FLASE,PMC,No,,,11.2843949,50,,,
71600010,73.821341,18.545732,leucaena latisiliqua,"Sakal Nagar,Pune",,,,FLASE,PMC,No,,,15.04585987,50,,,
71600014,73.821399,18.545755,polyalthia longifolia,"Sakal Nagar,Pune",,,,FLASE,PMC,No,,,15.04585987,50,,,
71700722,73.820028,18.546262,ficus amplissima,"Sakal Nagar,Pune",,,,FLASE,PMC,No,,,25.07643312,50,,,
71700005,73.820065,18.546269,azadirachta indica,"Sakal Nagar,Pune",,,,FLASE,PMC,No,,,18.80732484,50,,,
71700720,73.820121,18.546323,delonix regia,"Sakal Nagar,Pune",,,,FLASE,PMC,No,,,8.776751592,50,,,
71700721,73.82007,18.546342,gliricidia sepium,"Sakal Nagar,Pune",,,,FLASE,PMC,No,,,10.03057325,50,,,
71700723,73.820142,18.546393,ficus amplissima,"Sakal Nagar,Pune",,,,FLASE,PMC,No,,,37.61464968,50,,,
71700728,73.819788,18.546421,leucaena latisiliqua,"Sakal Nagar,Pune",,,,FLASE,PMC,No,,,37.61464968,50,,,
71700729,73.819745,18.546444,ficus amplissima,"Sakal Nagar,Pune",,,,FLASE,PMC,No,,,25.07643312,50,,,
71700724,73.820036,18.546462,samanea saman (Albizia saman),"Sakal Nagar,Pune",,,,FLASE,PMC,No,,,37.61464968,50,,,
71700632,73.820216,18.546473,polyalthia longifolia,"Sakal Nagar,Pune",,,,FLASE,PMC,No,,,6.26910828,50,,,
71700725,73.819918,18.546484,ficus amplissima,"Sakal Nagar,Pune",,,,FLASE,PMC,No,,,25.07643312,50,,,
71700843,73.819036,18.546705,delonix regia,"Sakal Nagar,Pune",,,,FLASE,PMC,No,,,12.53821656,50,,,
71700839,73.819207,18.546714,spathodea campanulata,"Sakal Nagar,Pune",,,,FLASE,PMC,No,,,15.04585987,50,,,
71700842,73.819054,18.546739,leucaena latisiliqua,"Sakal Nagar,Pune",,,,FLASE,PMC,No,,,12.53821656,50,,,
71700751,73.819799,18.546742,samanea saman (Albizia saman),"Sakal Nagar,Pune",,,,FLASE,PMC,No,,,7.522929936,50,,,
71700849,73.819082,18.546746,polyalthia longifolia,"Sakal Nagar,Pune",,,,FLASE,PMC,No,,,7.522929936,50,,,
71700850,73.819082,18.546746,polyalthia longifolia,"Sakal Nagar,Pune",,,,FLASE,PMC,No,,,7.522929936,50,,,
71700848,73.819083,18.546756,polyalthia longifolia,"Sakal Nagar,Pune",,,,FLASE,PMC,No,,,7.522929936,50,,,
71700845,73.81909,18.546802,ficus racemosa,"Sakal Nagar,Pune",,,,FLASE,PMC,No,,,12.53821656,50,,,
71700847,73.819106,18.546807,polyalthia longifolia,"Sakal Nagar,Pune",,,,FLASE,PMC,No,,,8.776751592,50,,,
71700744,73.819367,18.546816,ficus racemosa,"Sakal Nagar,Pune",,,,FLASE,PMC,No,,,25.07643312,50,,,
71700846,73.819169,18.54682,polyalthia longifolia,"Sakal Nagar,Pune",,,,FLASE,PMC,No,,,10.03057325,50,,,
71700642,73.820318,18.546826,bauhinia tomentosa,"Sakal Nagar,Pune",,,,FLASE,PMC,No,,,10.03057325,50,,,
71700714,73.820145,18.546908,delonix regia,"Sakal Nagar,Pune",,,,FLASE,PMC,No,,,17.55350318,50,,,
71700758,73.819729,18.546946,ziziphus glabrata,"Sakal Nagar,Pune",,,,FLASE,PMC,No,,,10.03057325,50,,,
71700712,73.82012,18.54697,olea dioica,"Sakal Nagar,Pune",,,,FLASE,PMC,No,,,11.2843949,50,,,
71700853,73.818997,18.547003,polyalthia longifolia,"Sakal Nagar,Pune",,,,FLASE,PMC,No,,,3.761464968,50,,,
71700708,73.820132,18.54705,polyalthia longifolia,"Sakal Nagar,Pune",,,,FLASE,PMC,No,,,11.2843949,50,,,
71700796,73.819892,18.547081,grevillea robusta,"Sakal Nagar,Pune",,,,FLASE,PMC,No,,,10.03057325,50,,,
71700710,73.820139,18.547138,polyalthia longifolia,"Sakal Nagar,Pune",,,,FLASE,PMC,No,,,11.2843949,50,,,
71700807,73.819865,18.547144,grevillea robusta,"Sakal Nagar,Pune",,,,FLASE,PMC,No,,,11.2843949,50,,,
71700799,73.819966,18.547152,delonix regia,"Sakal Nagar,Pune",,,,FLASE,PMC,No,,,12.53821656,50,,,
71700856,73.819038,18.547154,areca catechu,"Sakal Nagar,Pune",,,,FLASE,PMC,No,,,17.55350318,50,,,
71700776,73.819709,18.547157,melaleuca bracteata,"Sakal Nagar,Pune",,,,FLASE,PMC,No,,,11.2843949,50,,,
71700795,73.819863,18.547158,grevillea robusta,"Sakal Nagar,Pune",,,,FLASE,PMC,No,,,11.2843949,50,,,
71700695,73.820005,18.547186,polyalthia longifolia,"Sakal Nagar,Pune",,,,FLASE,PMC,No,,,8.776751592,50,,,
71700806,73.81984,18.547205,grevillea robusta,"Sakal Nagar,Pune",,,,FLASE,PMC,No,,,10.03057325,50,,,
71700652,73.820379,18.547245,mangifera indica,"Sakal Nagar,Pune",,,,FLASE,PMC,No,,,10.03057325,50,,,
71700689,73.819997,18.547334,polyalthia longifolia,"Sakal Nagar,Pune",,,,FLASE,PMC,No,,,10.03057325,50,,,
71700687,73.820039,18.547378,polyalthia longifolia,"Sakal Nagar,Pune",,,,FLASE,PMC,No,,,7.522929936,50,,,
71700662,73.820521,18.547393,bauhinia tomentosa,"Sakal Nagar,Pune",,,,FLASE,PMC,No,,,11.2843949,50,,,
71700663,73.820561,18.547426,azadirachta indica,"Sakal Nagar,Pune",,,,FLASE,PMC,No,,,12.53821656,50,,,
71700667,73.820499,18.547429,cocos nucifera,"Sakal Nagar,Pune",,,,FLASE,PMC,No,,,15.04585987,50,,,
71700821,73.819618,18.547435,grevillea robusta,"Sakal Nagar,Pune",,,,FLASE,PMC,No,,,18.80732484,50,,,
71700670,73.820449,18.547438,polyalthia longifolia,"Sakal Nagar,Pune",,,,FLASE,PMC,No,,,7.522929936,50,,,
71700680,73.820168,18.547443,eucalyptus citriodora,"Sakal Nagar,Pune",,,,FLASE,PMC,No,,,11.2843949,50,,,
71700683,73.81966,18.547469,polyalthia longifolia,"Sakal Nagar,Pune",,,,FLASE,PMC,No,,,12.53821656,50,,,
71700772,73.819297,18.547496,samanea saman (Albizia saman),"Sakal Nagar,Pune",,,,FLASE,PMC,No,,,25.07643312,50,,,
71700826,73.819779,18.547562,eucalyptus citriodora,"Sakal Nagar,Pune",,,,FLASE,PMC,No,,,18.80732484,50,,,
71700682,73.819769,18.547625,eucalyptus citriodora,"Sakal Nagar,Pune",,,,FLASE,PMC,No,,,15.04585987,50,,,
71700814,73.819867,18.547659,samanea saman (Albizia saman),"Sakal Nagar,Pune",,,,FLASE,PMC,No,,,12.53821656,50,,,
71700866,73.819519,18.547731,grevillea robusta,"Sakal Nagar,Pune",,,,FLASE,PMC,No,,,3.761464968,50,,,
71700816,73.819307,18.547906,samanea saman (Albizia saman),"Sakal Nagar,Pune",,,,FLASE,PMC,No,,,15.04585987,50,,,
71700834,73.8191,18.548017,polyalthia longifolia,"Sakal Nagar,Pune",,,,FLASE,PMC,No,,,18.80732484,50,,,
71700817,73.819192,18.548035,samanea saman (Albizia saman),"Sakal Nagar,Pune",,,,FLASE,PMC,No,,,16.29968153,50,,,
71700829,73.819256,18.548067,polyalthia longifolia,"Sakal Nagar,Pune",,,,FLASE,PMC,No,,,31.3455414,50,,,
71700838,73.819162,18.548074,leucaena latisiliqua,"Sakal Nagar,Pune",,,,FLASE,PMC,No,,,7.522929936,50,,,
71700837,73.819073,18.548095,polyalthia longifolia,"Sakal Nagar,Pune",,,,FLASE,PMC,No,,,3.761464968,50,,,
71700833,73.819129,18.548102,polyalthia longifolia,"Sakal Nagar,Pune",,,,FLASE,PMC,No,,,6.26910828,50,,,
71700832,73.819132,18.548108,polyalthia longifolia,"Sakal Nagar,Pune",,,,FLASE,PMC,No,,,7.522929936,50,,,
71700910,73.819226,18.549189,polyalthia longifolia,"Sakal Nagar,Pune",,,,FLASE,PMC,No,,,25.07643312,50,,,
71700908,73.819276,18.549192,polyalthia longifolia,"Sakal Nagar,Pune",,,,FLASE,PMC,No,,,18.80732484,50,,,
71700971,73.819488,18.549235,calophyllum inophyllum,"Sakal Nagar,Pune",,,,FLASE,PMC,No,,,37.61464968,50,,,
71700903,73.819343,18.549236,grevillea robusta,"Sakal Nagar,Pune",,,,FLASE,PMC,No,,,8.776751592,50,,,
71700972,73.81945,18.549244,grevillea robusta,"Sakal Nagar,Pune",,,,FLASE,PMC,No,,,31.3455414,50,,,
71700986,73.819375,18.54925,calophyllum inophyllum,"Sakal Nagar,Pune",,,,FLASE,PMC,No,,,10.03057325,50,,,
71700978,73.8194,18.549292,cocos nucifera,"Sakal Nagar,Pune",,,,FLASE,PMC,No,,,5.015286624,50,,,
71700969,73.819488,18.549293,polyalthia longifolia,"Sakal Nagar,Pune",,,,FLASE,PMC,No,,,18.80732484,50,,,
71700977,73.81947,18.549303,calophyllum inophyllum,"Sakal Nagar,Pune",,,,FLASE,PMC,No,,,5.015286624,50,,,
71700982,73.819317,18.549325,cocos nucifera,"Sakal Nagar,Pune",,,,FLASE,PMC,No,,,15.04585987,50,,,
71700967,73.819503,18.549332,polyalthia longifolia,"Sakal Nagar,Pune",,,,FLASE,PMC,No,,,18.80732484,50,,,
71700965,73.819587,18.549339,polyalthia longifolia,"Sakal Nagar,Pune",,,,FLASE,PMC,No,,,4.388375796,50,,,
71700919,73.819154,18.54942,polyalthia longifolia,"Sakal Nagar,Pune",,,,FLASE,PMC,No,,,6.26910828,50,,,
71700917,73.819212,18.549423,polyalthia longifolia,"Sakal Nagar,Pune",,,,FLASE,PMC,No,,,10.03057325,50,,,
71700923,73.819221,18.549455,polyalthia longifolia,"Sakal Nagar,Pune",,,,FLASE,PMC,No,,,10.03057325,50,,,
71700955,73.819385,18.54947,roystonea oleracea,"Sakal Nagar,Pune",,,,FLASE,PMC,No,,,31.3455414,50,,,
71700922,73.819168,18.549514,polyalthia longifolia,"Sakal Nagar,Pune",,,,FLASE,PMC,No,,,11.2843949,50,,,
71700924,73.819166,18.549532,polyalthia longifolia,"Sakal Nagar,Pune",,,,FLASE,PMC,No,,,11.2843949,50,,,
71700926,73.819176,18.549581,polyalthia longifolia,"Sakal Nagar,Pune",,,,FLASE,PMC,No,,,31.3455414,50,,,
71700925,73.819121,18.549589,polyalthia longifolia,"Sakal Nagar,Pune",,,,FLASE,PMC,No,,,10.03057325,50,,,
71700927,73.819188,18.549633,polyalthia longifolia,"Sakal Nagar,Pune",,,,FLASE,PMC,No,,,31.3455414,50,,,
71700940,73.819189,18.549707,cocos nucifera,"Sakal Nagar,Pune",,,,FLASE,PMC,No,,,25.07643312,50,,,
71700929,73.819132,18.549713,polyalthia longifolia,"Sakal Nagar,Pune",,,,FLASE,PMC,No,,,32.59936306,50,,,
71700928,73.819179,18.549726,polyalthia longifolia,"Sakal Nagar,Pune",,,,FLASE,PMC,No,,,32.59936306,50,,,
71700951,73.819248,18.549738,cocos nucifera,"Sakal Nagar,Pune",,,,FLASE,PMC,No,,,12.53821656,50,,,
71700948,73.819318,18.549743,azadirachta indica,"Sakal Nagar,Pune",,,,FLASE,PMC,No,,,15.04585987,50,,,
71700945,73.819239,18.549781,cocos nucifera,"Sakal Nagar,Pune",,,,FLASE,PMC,No,,,18.80732484,50,,,
71700931,73.819157,18.549784,polyalthia longifolia,"Sakal Nagar,Pune",,,,FLASE,PMC,No,,,3.761464968,50,,,
71700946,73.819295,18.549803,dillenia indica,"Sakal Nagar,Pune",,,,FLASE,PMC,No,,,11.2843949,50,,,
71700932,73.819152,18.549827,polyalthia longifolia,"Sakal Nagar,Pune",,,,FLASE,PMC,No,,,4.388375796,50,,,
71700938,73.819237,18.549842,leucaena latisiliqua,"Sakal Nagar,Pune",,,,FLASE,PMC,No,,,37.61464968,50,,,
72200109,73.822957,18.54919,delonix regia,"Sakal Nagar,Pune",,,,FLASE,PMC,No,,,5.015286624,50,,,
72300136,73.821715,18.550869,samanea saman (Albizia saman),"Sakal Nagar,Pune",,,,FLASE,PMC,No,,,31.3455414,50,,,
72300137,73.821676,18.550963,delonix regia,"Sakal Nagar,Pune",,,,FLASE,PMC,No,,,15.04585987,50,,,
71500141,73.822424,18.547375,samanea saman (Albizia saman),"Sakal Nagar,Pune",,,,FLASE,PMC,No,,,3.13455414,48,,,
71700672,73.820407,18.547458,grevillea robusta,"Sakal Nagar,Pune",,,,FLASE,PMC,No,,,4.388375796,48,,,
71700920,73.819154,18.54942,polyalthia longifolia,"Sakal Nagar,Pune",,,,FLASE,PMC,No,,,7.522929936,47,,,
71700916,73.819113,18.549297,polyalthia longifolia,"Sakal Nagar,Pune",,,,FLASE,PMC,No,,,15.04585987,46,,,
71300045,73.826752,18.544036,ficus benghalensis,"Sakal Nagar,Pune",,,,FLASE,PMC,No,,,75.22929936,45,,,
71300048,73.826545,18.544265,ficus benghalensis,"Sakal Nagar,Pune",,,,FLASE,PMC,No,,,100.3057325,45,,,
71400076,73.824819,18.546637,tamarindus indica,"Sakal Nagar,Pune",,,,FLASE,PMC,No,,,15.04585987,45,,,
71500002,73.822876,18.545401,cocos nucifera,"Sakal Nagar,Pune",,,,FLASE,PMC,No,,,4.388375796,45,,,
71500006,73.822832,18.54553,cocos nucifera,"Sakal Nagar,Pune",,,,FLASE,PMC,No,,,4.388375796,45,,,
71500010,73.822857,18.54556,cocos nucifera,"Sakal Nagar,Pune",,,,FLASE,PMC,No,,,4.388375796,45,,,
71500023,73.822727,18.545526,cocos nucifera,"Sakal Nagar,Pune",,,,FLASE,PMC,No,,,7.522929936,45,,,
71500027,73.822722,18.545601,jacaranda mimosifolia,"Sakal Nagar,Pune",,,,FLASE,PMC,No,,,10.03057325,45,,,
71500094,73.82189,18.547577,grevillea robusta,"Sakal Nagar,Pune",,,,FLASE,PMC,No,,,18.80732484,45,,,
71500133,73.822155,18.547432,delonix regia,"Sakal Nagar,Pune",,,,FLASE,PMC,No,,,3.761464968,45,,,
71500191,73.822849,18.546677,leucaena latisiliqua,"Sakal Nagar,Pune",,,,FLASE,PMC,No,,,20.0611465,45,,,
71500194,73.822725,18.546619,azadirachta indica,"Sakal Nagar,Pune",,,,FLASE,PMC,No,,,11.2843949,45,,,
71500198,73.822685,18.546701,jacaranda mimosifolia,"Sakal Nagar,Pune",,,,FLASE,PMC,No,,,24.95105096,45,,,
71500210,73.822512,18.546417,polyalthia longifolia,"Sakal Nagar,Pune",,,,FLASE,PMC,No,,,7.522929936,45,,,
71500276,73.823176,18.546252,azadirachta indica,"Sakal Nagar,Pune",,,,FLASE,PMC,No,,,15.04585987,45,,,
71500277,73.823235,18.546291,dillenia indica,"Sakal Nagar,Pune",,,,FLASE,PMC,No,,,10.03057325,45,,,
71500435,73.823521,18.544896,delonix regia,"Sakal Nagar,Pune",,,,FLASE,PMC,No,,,8.776751592,45,,,
71500437,73.82349,18.544894,delonix regia,"Sakal Nagar,Pune",,,,FLASE,PMC,No,,,6.26910828,45,,,
71700629,73.820196,18.546357,delonix regia,"Sakal Nagar,Pune",,,,FLASE,PMC,No,,,15.04585987,45,,,
71700634,73.820382,18.546473,samanea saman (Albizia saman),"Sakal Nagar,Pune",,,,FLASE,PMC,No,,,37.61464968,45,,,
71700841,73.819111,18.546744,leucaena latisiliqua,"Sakal Nagar,Pune",,,,FLASE,PMC,No,,,7.522929936,45,,,
71700717,73.820032,18.546995,leucaena latisiliqua,"Sakal Nagar,Pune",,,,FLASE,PMC,No,,,3.761464968,45,,,
71700678,73.820286,18.547026,callistemon citrinus,"Sakal Nagar,Pune",,,,FLASE,PMC,No,,,4.388375796,45,,,
71700702,73.820005,18.54706,polyalthia longifolia,"Sakal Nagar,Pune",,,,FLASE,PMC,No,,,4.388375796,45,,,
71700677,73.820338,18.547143,ficus racemosa,"Sakal Nagar,Pune",,,,FLASE,PMC,No,,,4.388375796,45,,,
71700669,73.820499,18.547429,olea dioica,"Sakal Nagar,Pune",,,,FLASE,PMC,No,,,12.53821656,45,,,
71700676,73.820301,18.547457,flacourtia montana,"Sakal Nagar,Pune",,,,FLASE,PMC,No,,,2.507643312,45,,,
71700671,73.820407,18.547458,polyalthia longifolia,"Sakal Nagar,Pune",,,,FLASE,PMC,No,,,3.761464968,45,,,
71700825,73.819743,18.547486,grevillea robusta,"Sakal Nagar,Pune",,,,FLASE,PMC,No,,,10.03057325,45,,,
71700819,73.819988,18.547626,pithecellobium dulce,"Sakal Nagar,Pune",,,,FLASE,PMC,No,,,10.03057325,45,,,
71700894,73.819331,18.549011,eucalyptus citriodora,"Sakal Nagar,Pune",,,,FLASE,PMC,No,,,7.522929936,45,,,
71700905,73.819292,18.549224,polyalthia longifolia,"Sakal Nagar,Pune",,,,FLASE,PMC,No,,,6.26910828,45,,,
71700904,73.819282,18.549269,dillenia indica,"Sakal Nagar,Pune",,,,FLASE,PMC,No,,,15.04585987,45,,,
71700979,73.819325,18.549373,cocos nucifera,"Sakal Nagar,Pune",,,,FLASE,PMC,No,,,12.53821656,45,,,
72300130,73.822021,18.550483,tamarindus indica,"Sakal Nagar,Pune",,,,FLASE,PMC,No,,,31.3455414,45,,,
72300135,73.821744,18.55085,delonix regia,"Sakal Nagar,Pune",,,,FLASE,PMC,No,,,13.79203822,45,,,
72300138,73.821661,18.550936,delonix regia,"Sakal Nagar,Pune",,,,FLASE,PMC,No,,,7.522929936,45,,,
71500047,73.8219,18.546677,leucaena latisiliqua,"Sakal Nagar,Pune",,,,FLASE,PMC,No,,,11.2843949,43,,,
71500438,73.823537,18.544882,delonix regia,"Sakal Nagar,Pune",,,,FLASE,PMC,No,,,5.015286624,43,,,
71300039,73.825798,18.542859,azadirachta indica,"Sakal Nagar,Pune",,,,FLASE,PMC,No,,,18.80732484,40,,,
71300037,73.825502,18.5432,jacaranda mimosifolia,"Sakal Nagar,Pune",,,,FLASE,PMC,No,,,18.80732484,40,,,
71300043,73.826967,18.543755,ficus benghalensis,"Sakal Nagar,Pune",,,,FLASE,PMC,No,,,37.61464968,40,,,
71300046,73.826628,18.544075,ficus benghalensis,"Sakal Nagar,Pune",,,,FLASE,PMC,No,,,50.15286624,40,,,
71400058,73.826073,18.544856,delonix regia,"Sakal Nagar,Pune",,,,FLASE,PMC,No,,,11.2843949,40,,,
71400056,73.826161,18.544933,tamarindus indica,"Sakal Nagar,Pune",,,,FLASE,PMC,No,,,50.15286624,40,,,
71400060,73.825811,18.5451,azadirachta indica,"Sakal Nagar,Pune",,,,FLASE,PMC,No,,,8.776751592,40,,,
71400061,73.825777,18.545127,tamarindus indica,"Sakal Nagar,Pune",,,,FLASE,PMC,No,,,10.03057325,40,,,
71400062,73.825722,18.545273,tamarindus indica,"Sakal Nagar,Pune",,,,FLASE,PMC,No,,,37.61464968,40,,,
71400063,73.825611,18.545484,tamarindus indica,"Sakal Nagar,Pune",,,,FLASE,PMC,No,,,75.22929936,40,,,
71400067,73.825395,18.54578,delonix regia,"Sakal Nagar,Pune",,,,FLASE,PMC,No,,,10.03057325,40,,,
71400069,73.825293,18.545813,azadirachta indica,"Sakal Nagar,Pune",,,,FLASE,PMC,No,,,7.522929936,40,,,
71400068,73.825378,18.545871,tamarindus indica,"Sakal Nagar,Pune",,,,FLASE,PMC,No,,,62.6910828,40,,,
71400070,73.825283,18.545971,tamarindus indica,"Sakal Nagar,Pune",,,,FLASE,PMC,No,,,25.07643312,40,,,
71400072,73.825154,18.546095,tamarindus indica,"Sakal Nagar,Pune",,,,FLASE,PMC,No,,,62.6910828,40,,,
71400073,73.82496,18.546346,albizia lebbeck,"Sakal Nagar,Pune",,,,FLASE,PMC,No,,,8.776751592,40,,,
71400079,73.824563,18.546916,tamarindus indica,"Sakal Nagar,Pune",,,,FLASE,PMC,No,,,25.07643312,40,,,
71400081,73.824568,18.547019,ficus benghalensis,"Sakal Nagar,Pune",,,,FLASE,PMC,No,,,50.15286624,40,,,
71500096,73.823734,18.548058,delonix regia,"Sakal Nagar,Pune",,,,FLASE,PMC,No,,,31.3455414,40,,,
71500101,73.823496,18.548443,delonix regia,"Sakal Nagar,Pune",,,,FLASE,PMC,No,,,15.04585987,40,,,
71500102,73.823398,18.548484,polyalthia longifolia,"Sakal Nagar,Pune",,,,FLASE,PMC,No,,,3.761464968,40,,,
71500103,73.823256,18.548656,gliricidia sepium,"Sakal Nagar,Pune",,,,FLASE,PMC,No,,,6.26910828,40,,,
71500108,73.823114,18.548888,ficus benghalensis,"Sakal Nagar,Pune",,,,FLASE,PMC,No,,,43.88375796,40,,,
71500004,73.822822,18.545442,cocos nucifera,"Sakal Nagar,Pune",,,,FLASE,PMC,No,,,3.761464968,40,,,
71500007,73.8228,18.545468,azadirachta indica,"Sakal Nagar,Pune",,,,FLASE,PMC,No,,,15.79815287,40,,,
71500008,73.82284,18.545525,cocos nucifera,"Sakal Nagar,Pune",,,,FLASE,PMC,No,,,3.761464968,40,,,
71500011,73.822783,18.545612,cocos nucifera,"Sakal Nagar,Pune",,,,FLASE,PMC,No,,,18.80732484,40,,,
71500012,73.822835,18.545629,cocos nucifera,"Sakal Nagar,Pune",,,,FLASE,PMC,No,,,18.80732484,40,,,
71500013,73.822746,18.545582,cocos nucifera,"Sakal Nagar,Pune",,,,FLASE,PMC,No,,,18.80732484,40,,,
71500015,73.822771,18.54567,cocos nucifera,"Sakal Nagar,Pune",,,,FLASE,PMC,No,,,18.80732484,40,,,
71500016,73.822736,18.54566,cocos nucifera,"Sakal Nagar,Pune",,,,FLASE,PMC,No,,,18.80732484,40,,,
71500017,73.82274,18.545661,cocos nucifera,"Sakal Nagar,Pune",,,,FLASE,PMC,No,,,18.80732484,40,,,
71500019,73.82274,18.545638,azadirachta indica,"Sakal Nagar,Pune",,,,FLASE,PMC,No,,,18.80732484,40,,,
71500020,73.822668,18.545676,cocos nucifera,"Sakal Nagar,Pune",,,,FLASE,PMC,No,,,18.80732484,40,,,
71500021,73.822675,18.545633,cocos nucifera,"Sakal Nagar,Pune",,,,FLASE,PMC,No,,,6.26910828,40,,,
71500021,73.822663,18.545612,cocos nucifera,"Sakal Nagar,Pune",,,,FLASE,PMC,No,,,5.642197452,40,,,
71500024,73.822733,18.545409,jacquinia ruscifolia,"Sakal Nagar,Pune",,,,FLASE,PMC,No,,,17.55350318,40,,,
71500025,73.822793,18.545484,delonix regia,"Sakal Nagar,Pune",,,,FLASE,PMC,No,,,10.03057325,40,,,
71500026,73.822629,18.545589,jacquinia ruscifolia,"Sakal Nagar,Pune",,,,FLASE,PMC,No,,,12.53821656,40,,,
71500027,73.822677,18.545558,jacaranda mimosifolia,"Sakal Nagar,Pune",,,,FLASE,PMC,No,,,10.03057325,40,,,
71500030,73.822597,18.545613,leucaena latisiliqua,"Sakal Nagar,Pune",,,,FLASE,PMC,No,,,10.03057325,40,,,
71500044,73.821902,18.546755,eucalyptus citriodora,"Sakal Nagar,Pune",,,,FLASE,PMC,No,,,12.53821656,40,,,
71500067,73.821629,18.547017,azadirachta indica,"Sakal Nagar,Pune",,,,FLASE,PMC,No,,,13.79203822,40,,,
71500090,73.821782,18.547561,grevillea robusta,"Sakal Nagar,Pune",,,,FLASE,PMC,No,,,15.04585987,40,,,
71500092,73.821761,18.547558,azadirachta indica,"Sakal Nagar,Pune",,,,FLASE,PMC,No,,,15.04585987,40,,,
71500093,73.821913,18.547623,cocos nucifera,"Sakal Nagar,Pune",,,,FLASE,PMC,No,,,11.2843949,40,,,
71500095,73.821908,18.54762,cocos nucifera,"Sakal Nagar,Pune",,,,FLASE,PMC,No,,,15.04585987,40,,,
71500095,73.822719,18.546705,tectona grandis,"Sakal Nagar,Pune",,,,FLASE,PMC,No,,,6.26910828,40,,,
71500097,73.821901,18.547611,grevillea robusta,"Sakal Nagar,Pune",,,,FLASE,PMC,No,,,15.04585987,40,,,
71500114,73.822023,18.547266,spathodea campanulata,"Sakal Nagar,Pune",,,,FLASE,PMC,No,,,11.2843949,40,,,
71500135,73.822158,18.547466,delonix regia,"Sakal Nagar,Pune",,,,FLASE,PMC,No,,,4.388375796,40,,,
71500149,73.822245,18.547144,spathodea campanulata,"Sakal Nagar,Pune",,,,FLASE,PMC,No,,,3.13455414,40,,,
71500192,73.822844,18.546544,cocos nucifera,"Sakal Nagar,Pune",,,,FLASE,PMC,No,,,25.07643312,40,,,
71500201,73.822695,18.546491,polyalthia longifolia,"Sakal Nagar,Pune",,,,FLASE,PMC,No,,,2.507643312,40,,,
71500207,73.82261,18.546664,tectona grandis,"Sakal Nagar,Pune",,,,FLASE,PMC,No,,,4.388375796,40,,,
71500211,73.822424,18.546435,tectona grandis,"Sakal Nagar,Pune",,,,FLASE,PMC,No,,,3.761464968,40,,,
71500220,73.822431,18.546131,azadirachta indica,"Sakal Nagar,Pune",,,,FLASE,PMC,No,,,16.29968153,40,,,
71500223,73.822616,18.546256,callistemon citrinus,"Sakal Nagar,Pune",,,,FLASE,PMC,No,,,3.13455414,40,,,
71500246,73.823271,18.546177,samanea saman (Albizia saman),"Sakal Nagar,Pune",,,,FLASE,PMC,No,,,18.80732484,40,,,
71500257,73.823338,18.545949,melaleuca bracteata,"Sakal Nagar,Pune",,,,FLASE,PMC,No,,,5.642197452,40,,,
71500274,73.822894,18.546366,bauhinia purpurea,"Sakal Nagar,Pune",,,,FLASE,PMC,No,,,8.776751592,40,,,
71500275,73.822856,18.546377,bauhinia purpurea,"Sakal Nagar,Pune",,,,FLASE,PMC,No,,,16.29968153,40,,,
71500278,73.823207,18.54623,tamarindus indica,"Sakal Nagar,Pune",,,,FLASE,PMC,No,,,18.80732484,40,,,
71500279,73.823185,18.54626,leucaena latisiliqua,"Sakal Nagar,Pune",,,,FLASE,PMC,No,,,12.53821656,40,,,
71500280,73.823224,18.54627,leucaena latisiliqua,"Sakal Nagar,Pune",,,,FLASE,PMC,No,,,7.522929936,40,,,
71500341,73.823419,18.546931,azadirachta indica,"Sakal Nagar,Pune",,,,FLASE,PMC,No,,,8.776751592,40,,,
71500344,73.823401,18.546841,bombax ceiba,"Sakal Nagar,Pune",,,,FLASE,PMC,No,,,10.03057325,40,,,
71600015,73.821384,18.545723,polyalthia longifolia,"Sakal Nagar,Pune",,,,FLASE,PMC,No,,,8.776751592,40,,,
71600012,73.8213,18.545764,polyalthia longifolia,"Sakal Nagar,Pune",,,,FLASE,PMC,No,,,15.04585987,40,,,
71600013,73.821371,18.545766,polyalthia longifolia,"Sakal Nagar,Pune",,,,FLASE,PMC,No,,,2.507643312,40,,,
71600009,73.821087,18.545866,mimusops elengi,"Sakal Nagar,Pune",,,,FLASE,PMC,No,,,16.29968153,40,,,
71700006,73.8203,18.546211,ficus benjamina var. nuda,"Sakal Nagar,Pune",,,,FLASE,PMC,No,,,15.04585987,40,,,
71700633,73.820273,18.546404,delonix regia,"Sakal Nagar,Pune",,,,FLASE,PMC,No,,,3.761464968,40,,,
71700732,73.819723,18.546453,ficus mollis,"Sakal Nagar,Pune",,,,FLASE,PMC,No,,,8.776751592,40,,,
71700734,73.819583,18.546457,leucaena latisiliqua,"Sakal Nagar,Pune",,,,FLASE,PMC,No,,,15.04585987,40,,,
71700733,73.819679,18.546475,delonix regia,"Sakal Nagar,Pune",,,,FLASE,PMC,No,,,8.776751592,40,,,
71700735,73.819611,18.546478,bauhinia purpurea,"Sakal Nagar,Pune",,,,FLASE,PMC,No,,,11.2843949,40,,,
71700730,73.819717,18.546494,ficus mollis,"Sakal Nagar,Pune",,,,FLASE,PMC,No,,,10.03057325,40,,,
71700726,73.819873,18.546504,delonix regia,"Sakal Nagar,Pune",,,,FLASE,PMC,No,,,11.2843949,40,,,
71700719,73.820184,18.546517,azadirachta indica,"Sakal Nagar,Pune",,,,FLASE,PMC,No,,,7.522929936,40,,,
71700635,73.820293,18.546611,delonix regia,"Sakal Nagar,Pune",,,,FLASE,PMC,No,,,13.79203822,40,,,
71700752,73.819823,18.546701,samanea saman (Albizia saman),"Sakal Nagar,Pune",,,,FLASE,PMC,No,,,8.776751592,40,,,
71700637,73.820266,18.54671,leucaena latisiliqua,"Sakal Nagar,Pune",,,,FLASE,PMC,No,,,15.04585987,40,,,
71700840,73.819158,18.546727,dillenia indica,"Sakal Nagar,Pune",,,,FLASE,PMC,No,,,37.61464968,40,,,
71700753,73.819832,18.546748,samanea saman (Albizia saman),"Sakal Nagar,Pune",,,,FLASE,PMC,No,,,6.26910828,40,,,
71700742,73.819293,18.546758,polyalthia longifolia,"Sakal Nagar,Pune",,,,FLASE,PMC,No,,,6.26910828,40,,,
71700746,73.81951,18.546769,samanea saman (Albizia saman),"Sakal Nagar,Pune",,,,FLASE,PMC,No,,,10.03057325,40,,,
71700748,73.819622,18.546784,samanea saman (Albizia saman),"Sakal Nagar,Pune",,,,FLASE,PMC,No,,,11.2843949,40,,,
71700643,73.82052,18.546842,terminalia catappa,"Sakal Nagar,Pune",,,,FLASE,PMC,No,,,11.2843949,40,,,
71700756,73.81993,18.546846,polyalthia longifolia,"Sakal Nagar,Pune",,,,FLASE,PMC,No,,,7.522929936,40,,,
71700757,73.819776,18.546882,ficus amplissima,"Sakal Nagar,Pune",,,,FLASE,PMC,No,,,25.07643312,40,,,
71700646,73.820507,18.546904,artocarpus heterophyllus,"Sakal Nagar,Pune",,,,FLASE,PMC,No,,,5.015286624,40,,,
71700716,73.819963,18.546965,leucaena latisiliqua,"Sakal Nagar,Pune",,,,FLASE,PMC,No,,,3.761464968,40,,,
71700703,73.820054,18.547001,polyalthia longifolia,"Sakal Nagar,Pune",,,,FLASE,PMC,No,,,7.522929936,40,,,
71700777,73.819807,18.547129,melaleuca bracteata,"Sakal Nagar,Pune",,,,FLASE,PMC,No,,,5.015286624,40,,,
71700774,73.819672,18.547149,melaleuca bracteata,"Sakal Nagar,Pune",,,,FLASE,PMC,No,,,5.015286624,40,,,
71700705,73.820005,18.547186,polyalthia longifolia,"Sakal Nagar,Pune",,,,FLASE,PMC,No,,,3.761464968,40,,,
71700789,73.819523,18.547191,ficus exasperata,"Sakal Nagar,Pune",,,,FLASE,PMC,No,,,7.522929936,40,,,
71700768,73.819297,18.547207,bauhinia tomentosa,"Sakal Nagar,Pune",,,,FLASE,PMC,No,,,10.03057325,40,,,
71700691,73.820021,18.547283,polyalthia longifolia,"Sakal Nagar,Pune",,,,FLASE,PMC,No,,,3.761464968,40,,,
71700779,73.819705,18.547319,melaleuca bracteata,"Sakal Nagar,Pune",,,,FLASE,PMC,No,,,8.776751592,40,,,
71700688,73.820037,18.54736,trema orientalis,"Sakal Nagar,Pune",,,,FLASE,PMC,No,,,13.79203822,40,,,
71700823,73.819668,18.547364,grevillea robusta,"Sakal Nagar,Pune",,,,FLASE,PMC,No,,,10.03057325,40,,,
71700822,73.819606,18.547378,grevillea robusta,"Sakal Nagar,Pune",,,,FLASE,PMC,No,,,25.07643312,40,,,
71700658,73.820041,18.547386,polyalthia longifolia,"Sakal Nagar,Pune",,,,FLASE,PMC,No,,,11.2843949,40,,,
71700824,73.819691,18.547412,grevillea robusta,"Sakal Nagar,Pune",,,,FLASE,PMC,No,,,18.80732484,40,,,
71700684,73.819866,18.547424,leucaena latisiliqua,"Sakal Nagar,Pune",,,,FLASE,PMC,No,,,2.507643312,40,,,
71700675,73.820126,18.547489,eucalyptus citriodora,"Sakal Nagar,Pune",,,,FLASE,PMC,No,,,12.53821656,40,,,
71700827,73.819229,18.547499,polyalthia longifolia,"Sakal Nagar,Pune",,,,FLASE,PMC,No,,,37.61464968,40,,,
71700820,73.819445,18.547542,grevillea robusta,"Sakal Nagar,Pune",,,,FLASE,PMC,No,,,18.80732484,40,,,
71700808,73.820049,18.547642,gliricidia sepium,"Sakal Nagar,Pune",,,,FLASE,PMC,No,,,10.03057325,40,,,
71700809,73.820067,18.547663,grewia flavescens,"Sakal Nagar,Pune",,,,FLASE,PMC,No,,,11.2843949,40,,,
71700861,73.819794,18.547716,grevillea robusta,"Sakal Nagar,Pune",,,,FLASE,PMC,No,,,7.522929936,40,,,
71700868,73.81958,18.547797,grevillea robusta,"Sakal Nagar,Pune",,,,FLASE,PMC,No,,,5.642197452,40,,,
71700882,73.819275,18.547946,grevillea robusta,"Sakal Nagar,Pune",,,,FLASE,PMC,No,,,3.761464968,40,,,
71700831,73.819142,18.548029,garcinia livingstonei,"Sakal Nagar,Pune",,,,FLASE,PMC,No,,,10.03057325,40,,,
71700883,73.819231,18.548053,grevillea robusta,"Sakal Nagar,Pune",,,,FLASE,PMC,No,,,8.776751592,40,,,
71700884,73.819329,18.548079,grevillea robusta,"Sakal Nagar,Pune",,,,FLASE,PMC,No,,,15.04585987,40,,,
71700885,73.819329,18.548079,grevillea robusta,"Sakal Nagar,Pune",,,,FLASE,PMC,No,,,18.80732484,40,,,
71700888,73.819351,18.548236,grevillea robusta,"Sakal Nagar,Pune",,,,FLASE,PMC,No,,,3.761464968,40,,,
71700889,73.819308,18.548246,grevillea robusta,"Sakal Nagar,Pune",,,,FLASE,PMC,No,,,7.522929936,40,,,
71700891,73.819342,18.548692,spathodea campanulata,"Sakal Nagar,Pune",,,,FLASE,PMC,No,,,5.015286624,40,,,
71700892,73.819235,18.548833,azadirachta indica,"Sakal Nagar,Pune",,,,FLASE,PMC,No,,,8.776751592,40,,,
71700912,73.819162,18.549209,cassia spectabilis,"Sakal Nagar,Pune",,,,FLASE,PMC,No,,,6.26910828,40,,,
71700906,73.819339,18.549231,polyalthia longifolia,"Sakal Nagar,Pune",,,,FLASE,PMC,No,,,5.642197452,40,,,
71700974,73.819524,18.549265,cocos nucifera,"Sakal Nagar,Pune",,,,FLASE,PMC,No,,,3.761464968,40,,,
71700915,73.819095,18.549329,polyalthia longifolia,"Sakal Nagar,Pune",,,,FLASE,PMC,No,,,7.522929936,40,,,
71700976,73.819431,18.549329,calophyllum inophyllum,"Sakal Nagar,Pune",,,,FLASE,PMC,No,,,3.761464968,40,,,
71700964,73.819587,18.549339,polyalthia longifolia,"Sakal Nagar,Pune",,,,FLASE,PMC,No,,,3.761464968,40,,,
71700963,73.819544,18.549361,chamaedorea seifrizii,"Sakal Nagar,Pune",,,,FLASE,PMC,No,,,6.26910828,40,,,
71700981,73.819283,18.549402,cocos nucifera,"Sakal Nagar,Pune",,,,FLASE,PMC,No,,,15.04585987,40,,,
71700980,73.819343,18.54942,cocos nucifera,"Sakal Nagar,Pune",,,,FLASE,PMC,No,,,8.776751592,40,,,
71700958,73.819414,18.549499,polyalthia longifolia,"Sakal Nagar,Pune",,,,FLASE,PMC,No,,,6.26910828,40,,,
71700957,73.81948,18.549536,polyalthia longifolia,"Sakal Nagar,Pune",,,,FLASE,PMC,No,,,6.26910828,40,,,
71700953,73.819428,18.549584,polyalthia longifolia,"Sakal Nagar,Pune",,,,FLASE,PMC,No,,,3.761464968,40,,,
71700952,73.819348,18.549667,polyalthia longifolia,"Sakal Nagar,Pune",,,,FLASE,PMC,No,,,5.015286624,40,,,
71700930,73.819179,18.549719,polyalthia longifolia,"Sakal Nagar,Pune",,,,FLASE,PMC,No,,,18.80732484,40,,,
71700934,73.819126,18.549867,polyalthia longifolia,"Sakal Nagar,Pune",,,,FLASE,PMC,No,,,3.761464968,40,,,
71700937,73.819156,18.54987,polyalthia longifolia,"Sakal Nagar,Pune",,,,FLASE,PMC,No,,,2.507643312,40,,,
72200111,73.822874,18.549248,delonix regia,"Sakal Nagar,Pune",,,,FLASE,PMC,No,,,6.26910828,40,,,
72200112,73.822852,18.549355,delonix regia,"Sakal Nagar,Pune",,,,FLASE,PMC,No,,,5.892961783,40,,,
72200120,73.822384,18.549907,delonix regia,"Sakal Nagar,Pune",,,,FLASE,PMC,No,,,7.522929936,40,,,
72200121,73.82232,18.550036,senna alata,"Sakal Nagar,Pune",,,,FLASE,PMC,No,,,11.2843949,40,,,
72200122,73.822257,18.55011,delonix regia,"Sakal Nagar,Pune",,,,FLASE,PMC,No,,,7.522929936,40,,,
72300126,73.822134,18.550302,delonix regia,"Sakal Nagar,Pune",,,,FLASE,PMC,No,,,5.642197452,40,,,
72300127,73.822102,18.550357,delonix regia,"Sakal Nagar,Pune",,,,FLASE,PMC,No,,,5.642197452,40,,,
72300128,73.822065,18.550387,azadirachta indica,"Sakal Nagar,Pune",,,,FLASE,PMC,No,,,13.79203822,40,,,
72300129,73.822048,18.550433,delonix regia,"Sakal Nagar,Pune",,,,FLASE,PMC,No,,,5.642197452,40,,,
72300134,73.821866,18.550769,azadirachta indica,"Sakal Nagar,Pune",,,,FLASE,PMC,No,,,11.2843949,40,,,
71500001,73.822948,18.5454,cordia sebestena,"Sakal Nagar,Pune",,,,FLASE,PMC,No,,,6.26910828,39,,,
71500005,73.822813,18.545468,garcinia livingstonei,"Sakal Nagar,Pune",,,,FLASE,PMC,No,,,4.388375796,38,,,
71500009,73.822838,18.545566,cocos nucifera,"Sakal Nagar,Pune",,,,FLASE,PMC,No,,,8.651369427,38,,,
71500330,73.823219,18.547269,cocos nucifera,"Sakal Nagar,Pune",,,,FLASE,PMC,No,,,10.03057325,38,,,
71500333,73.823278,18.547015,azadirachta indica,"Sakal Nagar,Pune",,,,FLASE,PMC,No,,,16.29968153,38,,,
71700701,73.819985,18.54705,polyalthia longifolia,"Sakal Nagar,Pune",,,,FLASE,PMC,No,,,3.13455414,38,,,
71300054,73.826224,18.544719,delonix regia,"Sakal Nagar,Pune",,,,FLASE,PMC,No,,,7.522929936,37,,,
71500009,73.82283,18.545592,cocos nucifera,"Sakal Nagar,Pune",,,,FLASE,PMC,No,,,12.53821656,37,,,
71500142,73.822432,18.547344,araucaria heterophylla,"Sakal Nagar,Pune",,,,FLASE,PMC,No,,,5.015286624,37,,,
71500146,73.822136,18.547147,olea dioica,"Sakal Nagar,Pune",,,,FLASE,PMC,No,,,15.04585987,37,,,
71500318,73.823171,18.547382,samanea saman (Albizia saman),"Sakal Nagar,Pune",,,,FLASE,PMC,No,,,25.07643312,37,,,
71500331,73.823275,18.547108,cocos nucifera,"Sakal Nagar,Pune",,,,FLASE,PMC,No,,,11.2843949,37,,,
71700694,73.820031,18.547202,bauhinia tomentosa,"Sakal Nagar,Pune",,,,FLASE,PMC,No,,,3.385318471,37,,,
71400074,73.82489,18.546528,tamarindus indica,"Sakal Nagar,Pune",,,,FLASE,PMC,No,,,37.61464968,36,,,
71500134,73.822142,18.547385,delonix regia,"Sakal Nagar,Pune",,,,FLASE,PMC,No,,,8.651369427,36,,,
71700739,73.819369,18.546668,cassia spectabilis,"Sakal Nagar,Pune",,,,FLASE,PMC,No,,,3.761464968,36,,,
71500024,73.822553,18.545417,leucaena latisiliqua,"Sakal Nagar,Pune",,,,FLASE,PMC,No,,,6.26910828,35,,,
71500025,73.822764,18.545392,jacaranda mimosifolia,"Sakal Nagar,Pune",,,,FLASE,PMC,No,,,11.2843949,35,,,
71500045,73.821801,18.546738,leucaena latisiliqua,"Sakal Nagar,Pune",,,,FLASE,PMC,No,,,8.776751592,35,,,
71500046,73.821822,18.546739,leucaena latisiliqua,"Sakal Nagar,Pune",,,,FLASE,PMC,No,,,11.2843949,35,,,
71500102,73.821651,18.547564,terminalia catappa,"Sakal Nagar,Pune",,,,FLASE,PMC,No,,,30.09171975,35,,,
71500105,73.821848,18.547334,mangifera indica,"Sakal Nagar,Pune",,,,FLASE,PMC,No,,,15.04585987,35,,,
71500111,73.821942,18.54721,roystonea oleracea,"Sakal Nagar,Pune",,,,FLASE,PMC,No,,,31.3455414,35,,,
71500148,73.822222,18.547197,spathodea campanulata,"Sakal Nagar,Pune",,,,FLASE,PMC,No,,,5.015286624,35,,,
71500149,73.822257,18.547163,spathodea campanulata,"Sakal Nagar,Pune",,,,FLASE,PMC,No,,,7.522929936,35,,,
71500152,73.822172,18.547116,delonix regia,"Sakal Nagar,Pune",,,,FLASE,PMC,No,,,3.13455414,35,,,
71500178,73.822495,18.546817,azadirachta indica,"Sakal Nagar,Pune",,,,FLASE,PMC,No,,,18.80732484,35,,,
71500179,73.822545,18.546835,azadirachta indica,"Sakal Nagar,Pune",,,,FLASE,PMC,No,,,25.07643312,35,,,
71500182,73.822639,18.546878,tectona grandis,"Sakal Nagar,Pune",,,,FLASE,PMC,No,,,15.04585987,35,,,
71500187,73.822871,18.546766,leucaena latisiliqua,"Sakal Nagar,Pune",,,,FLASE,PMC,No,,,6.26910828,35,,,
71500208,73.822523,18.546456,polyalthia longifolia,"Sakal Nagar,Pune",,,,FLASE,PMC,No,,,5.015286624,35,,,
71500209,73.822558,18.546512,cocos nucifera,"Sakal Nagar,Pune",,,,FLASE,PMC,No,,,3.761464968,35,,,
71500248,73.823425,18.546118,samanea saman (Albizia saman),"Sakal Nagar,Pune",,,,FLASE,PMC,No,,,11.2843949,35,,,
71500272,73.823102,18.546022,albizia lebbeck,"Sakal Nagar,Pune",,,,FLASE,PMC,No,,,43.88375796,35,,,
71500312,73.822637,18.547539,gmelina arborea,"Sakal Nagar,Pune",,,,FLASE,PMC,No,,,5.767579618,35,,,
71500316,73.822639,18.547547,spathodea campanulata,"Sakal Nagar,Pune",,,,FLASE,PMC,No,,,11.15901274,35,,,
71500345,73.823441,18.546865,azadirachta indica,"Sakal Nagar,Pune",,,,FLASE,PMC,No,,,8.776751592,35,,,
71500346,73.823403,18.546837,tectona grandis,"Sakal Nagar,Pune",,,,FLASE,PMC,No,,,5.015286624,35,,,
71700679,73.82013,18.546822,terminalia catappa,"Sakal Nagar,Pune",,,,FLASE,PMC,No,,,3.761464968,35,,,
71700715,73.820029,18.547061,polyalthia longifolia,"Sakal Nagar,Pune",,,,FLASE,PMC,No,,,3.259936306,35,,,
71700698,73.819986,18.547142,polyalthia longifolia,"Sakal Nagar,Pune",,,,FLASE,PMC,No,,,3.009171975,35,,,
71700692,73.820019,18.547246,bauhinia tomentosa,"Sakal Nagar,Pune",,,,FLASE,PMC,No,,,3.761464968,35,,,
71700673,73.820364,18.547431,polyalthia longifolia,"Sakal Nagar,Pune",,,,FLASE,PMC,No,,,3.13455414,35,,,
71700674,73.82032,18.547473,polyalthia longifolia,"Sakal Nagar,Pune",,,,FLASE,PMC,No,,,3.13455414,35,,,
71700876,73.819321,18.547754,grevillea robusta,"Sakal Nagar,Pune",,,,FLASE,PMC,No,,,3.13455414,35,,,
71700877,73.819388,18.547832,grevillea robusta,"Sakal Nagar,Pune",,,,FLASE,PMC,No,,,3.761464968,35,,,
71700893,73.819362,18.548945,azadirachta indica,"Sakal Nagar,Pune",,,,FLASE,PMC,No,,,18.80732484,35,,,
71700901,73.819619,18.549159,ficus amplissima,"Sakal Nagar,Pune",,,,FLASE,PMC,No,,,5.015286624,35,,,
71700959,73.819442,18.549458,polyalthia longifolia,"Sakal Nagar,Pune",,,,FLASE,PMC,No,,,6.26910828,35,,,
71700956,73.819397,18.549487,polyalthia longifolia,"Sakal Nagar,Pune",,,,FLASE,PMC,No,,,3.761464968,35,,,
71700950,73.819296,18.549727,ceiba pentandra,"Sakal Nagar,Pune",,,,FLASE,PMC,No,,,8.776751592,35,,,
71700947,73.819254,18.549759,polyalthia longifolia,"Sakal Nagar,Pune",,,,FLASE,PMC,No,,,3.761464968,35,,,
72200223,73.822203,18.550174,delonix regia,"Sakal Nagar,Pune",,,,FLASE,PMC,No,,,7.522929936,35,,,
71400075,73.824843,18.54655,tamarindus indica,"Sakal Nagar,Pune",,,,FLASE,PMC,No,,,15.04585987,34,,,
71500199,73.82269,18.546652,azadirachta indica,"Sakal Nagar,Pune",,,,FLASE,PMC,No,,,7.522929936,34,,,
71700750,73.819778,18.546737,flacourtia latifolia,"Sakal Nagar,Pune",,,,FLASE,PMC,No,,,6.26910828,34,,,
71700704,73.820079,18.546914,bauhinia tomentosa,"Sakal Nagar,Pune",,,,FLASE,PMC,No,,,3.761464968,34,,,
71500422,73.823408,18.544989,azadirachta indica,"Sakal Nagar,Pune",,,,FLASE,PMC,No,,,3.761464968,33,,,
71500170,73.822376,18.546623,tectona grandis,"Sakal Nagar,Pune",,,,FLASE,PMC,No,,,20.0611465,32,,,
71500311,73.822737,18.547507,spathodea campanulata,"Sakal Nagar,Pune",,,,FLASE,PMC,No,,,17.92964968,32,,,
71300041,73.826032,18.54272,leucaena latisiliqua,"Sakal Nagar,Pune",,,,FLASE,PMC,No,,,8.776751592,30,,,
71300040,73.825878,18.542816,azadirachta indica,"Sakal Nagar,Pune",,,,FLASE,PMC,No,,,18.80732484,30,,,
71300052,73.826215,18.544591,delonix regia,"Sakal Nagar,Pune",,,,FLASE,PMC,No,,,7.522929936,30,,,
71300050,73.826332,18.544627,delonix regia,"Sakal Nagar,Pune",,,,FLASE,PMC,No,,,10.03057325,30,,,
71400059,73.826025,18.545015,tamarindus indica,"Sakal Nagar,Pune",,,,FLASE,PMC,No,,,25.07643312,30,,,
71400078,73.824721,18.546664,delonix regia,"Sakal Nagar,Pune",,,,FLASE,PMC,No,,,3.761464968,30,,,
71400082,73.824484,18.547183,ficus benghalensis,"Sakal Nagar,Pune",,,,FLASE,PMC,No,,,25.07643312,30,,,
71500090,73.82398,18.54775,leucaena latisiliqua,"Sakal Nagar,Pune",,,,FLASE,PMC,No,,,31.3455414,30,,,
71500091,73.823944,18.54778,delonix regia,"Sakal Nagar,Pune",,,,FLASE,PMC,No,,,15.04585987,30,,,
71500092,73.823918,18.547821,delonix regia,"Sakal Nagar,Pune",,,,FLASE,PMC,No,,,18.80732484,30,,,
71500094,73.82387,18.547852,holoptelea integrifolia,"Sakal Nagar,Pune",,,,FLASE,PMC,No,,,18.80732484,30,,,
71500095,73.823746,18.548034,delonix regia,"Sakal Nagar,Pune",,,,FLASE,PMC,No,,,6.26910828,30,,,
71500097,73.82368,18.548065,delonix regia,"Sakal Nagar,Pune",,,,FLASE,PMC,No,,,8.776751592,30,,,
71500104,73.823277,18.548685,delonix regia,"Sakal Nagar,Pune",,,,FLASE,PMC,No,,,7.522929936,30,,,
71500014,73.822802,18.545624,cocos nucifera,"Sakal Nagar,Pune",,,,FLASE,PMC,No,,,18.80732484,30,,,
71500018,73.822632,18.545682,albizia lebbeck,"Sakal Nagar,Pune",,,,FLASE,PMC,No,,,18.80732484,30,,,
71500022,73.822728,18.545515,cocos nucifera,"Sakal Nagar,Pune",,,,FLASE,PMC,No,,,13.79203822,30,,,
71500064,73.821772,18.546857,azadirachta indica,"Sakal Nagar,Pune",,,,FLASE,PMC,No,,,10.03057325,30,,,
71500065,73.821666,18.546919,spathodea campanulata,"Sakal Nagar,Pune",,,,FLASE,PMC,No,,,8.776751592,30,,,
71500084,73.821614,18.54751,moringa oleifera,"Sakal Nagar,Pune",,,,FLASE,PMC,No,,,8.776751592,30,,,
71500086,73.821614,18.547532,moringa oleifera,"Sakal Nagar,Pune",,,,FLASE,PMC,No,,,11.2843949,30,,,
71500091,73.821806,18.547578,aegle marmelos,"Sakal Nagar,Pune",,,,FLASE,PMC,No,,,11.2843949,30,,,
71500091,73.821806,18.547578,aegle marmelos,"Sakal Nagar,Pune",,,,FLASE,PMC,No,,,11.2843949,30,,,
71500096,73.821894,18.547628,broussonetia papyrifera,"Sakal Nagar,Pune",,,,FLASE,PMC,No,,,15.04585987,30,,,
71500116,73.821974,18.547271,spathodea campanulata,"Sakal Nagar,Pune",,,,FLASE,PMC,No,,,8.776751592,30,,,
71500131,73.822185,18.547362,delonix regia,"Sakal Nagar,Pune",,,,FLASE,PMC,No,,,4.388375796,30,,,
71500132,73.822104,18.547356,delonix regia,"Sakal Nagar,Pune",,,,FLASE,PMC,No,,,5.892961783,30,,,
71500145,73.82221,18.547275,spathodea campanulata,"Sakal Nagar,Pune",,,,FLASE,PMC,No,,,2.507643312,30,,,
71500147,73.822164,18.547254,araucaria heterophylla,"Sakal Nagar,Pune",,,,FLASE,PMC,No,,,3.761464968,30,,,
71500153,73.822256,18.547097,spathodea campanulata,"Sakal Nagar,Pune",,,,FLASE,PMC,No,,,17.55350318,30,,,
71500157,73.822101,18.54707,millingtonia hortensis,"Sakal Nagar,Pune",,,,FLASE,PMC,No,,,10.03057325,30,,,
71500158,73.822109,18.547113,millingtonia hortensis,"Sakal Nagar,Pune",,,,FLASE,PMC,No,,,2.507643312,30,,,
71500174,73.822448,18.546723,tectona grandis,"Sakal Nagar,Pune",,,,FLASE,PMC,No,,,10.03057325,30,,,
71500176,73.822467,18.54682,azadirachta indica,"Sakal Nagar,Pune",,,,FLASE,PMC,No,,,15.04585987,30,,,
71500177,73.822398,18.546758,azadirachta indica,"Sakal Nagar,Pune",,,,FLASE,PMC,No,,,13.79203822,30,,,
71500180,73.82253,18.546842,azadirachta indica,"Sakal Nagar,Pune",,,,FLASE,PMC,No,,,12.53821656,30,,,
71500183,73.822674,18.546871,tectona grandis,"Sakal Nagar,Pune",,,,FLASE,PMC,No,,,13.79203822,30,,,
71500184,73.822704,18.546811,tectona grandis,"Sakal Nagar,Pune",,,,FLASE,PMC,No,,,13.79203822,30,,,
71500185,73.822781,18.546914,cassia spectabilis,"Sakal Nagar,Pune",,,,FLASE,PMC,No,,,37.61464968,30,,,
71500190,73.822869,18.546757,leucaena latisiliqua,"Sakal Nagar,Pune",,,,FLASE,PMC,No,,,20.0611465,30,,,
71500222,73.822631,18.546259,callistemon citrinus,"Sakal Nagar,Pune",,,,FLASE,PMC,No,,,3.13455414,30,,,
71500224,73.822683,18.546046,talauma mutabilis (did not find the name),"Sakal Nagar,Pune",,,,FLASE,PMC,No,,,3.761464968,30,,,
71500229,73.822795,18.546133,brassaia actinophylla,"Sakal Nagar,Pune",,,,FLASE,PMC,No,,,31.3455414,30,,,
71500230,73.822838,18.54611,brassaia actinophylla,"Sakal Nagar,Pune",,,,FLASE,PMC,No,,,35.10700637,30,,,
71500231,73.822879,18.546054,brassaia actinophylla,"Sakal Nagar,Pune",,,,FLASE,PMC,No,,,11.2843949,30,,,
71500236,73.822845,18.545962,acacia leucophloea,"Sakal Nagar,Pune",,,,FLASE,PMC,No,,,4.388375796,30,,,
71500247,73.82338,18.546093,annona reticulata,"Sakal Nagar,Pune",,,,FLASE,PMC,No,,,2.507643312,30,,,
71500254,73.823404,18.546089,callistemon citrinus,"Sakal Nagar,Pune",,,,FLASE,PMC,No,,,12.53821656,30,,,
71500258,73.823415,18.545824,melaleuca bracteata,"Sakal Nagar,Pune",,,,FLASE,PMC,No,,,7.522929936,30,,,
71500268,73.823185,18.545648,couroupita guianensis,"Sakal Nagar,Pune",,,,FLASE,PMC,No,,,3.761464968,30,,,
71500269,73.823097,18.545712,bauhinia tomentosa,"Sakal Nagar,Pune",,,,FLASE,PMC,No,,,15.04585987,30,,,
71500273,73.822894,18.546366,azadirachta indica,"Sakal Nagar,Pune",,,,FLASE,PMC,No,,,37.61464968,30,,,
71500326,73.823189,18.547252,azadirachta indica,"Sakal Nagar,Pune",,,,FLASE,PMC,No,,,6.143726115,30,,,
71500328,73.823197,18.547202,azadirachta indica,"Sakal Nagar,Pune",,,,FLASE,PMC,No,,,25.07643312,30,,,
71500349,73.823432,18.546839,spathodea campanulata,"Sakal Nagar,Pune",,,,FLASE,PMC,No,,,8.776751592,30,,,
71500380,73.822983,18.545412,terminalia catappa,"Sakal Nagar,Pune",,,,FLASE,PMC,No,,,6.26910828,30,,,
71500388,73.823025,18.545342,gliricidia sepium,"Sakal Nagar,Pune",,,,FLASE,PMC,No,,,11.2843949,30,,,
71500390,73.82313,18.545289,bauhinia variegata,"Sakal Nagar,Pune",,,,FLASE,PMC,No,,,11.2843949,30,,,
71500401,73.823241,18.545153,azadirachta indica,"Sakal Nagar,Pune",,,,FLASE,PMC,No,,,10.03057325,30,,,
71500421,73.823364,18.544973,azadirachta indica,"Sakal Nagar,Pune",,,,FLASE,PMC,No,,,3.13455414,30,,,
71500423,73.823507,18.54488,azadirachta indica,"Sakal Nagar,Pune",,,,FLASE,PMC,No,,,3.13455414,30,,,
71500439,73.823074,18.545278,terminalia arjuna,"Sakal Nagar,Pune",,,,FLASE,PMC,No,,,2.507643312,30,,,
71700630,73.820242,18.54635,delonix regia,"Sakal Nagar,Pune",,,,FLASE,PMC,No,,,10.03057325,30,,,
71700727,73.819793,18.546442,ficus amplissima,"Sakal Nagar,Pune",,,,FLASE,PMC,No,,,7.522929936,30,,,
71700731,73.819749,18.546528,polyalthia longifolia,"Sakal Nagar,Pune",,,,FLASE,PMC,No,,,2.507643312,30,,,
71700001,73.819409,18.546583,leucaena latisiliqua,"Sakal Nagar,Pune",,,,FLASE,PMC,No,,,6.26910828,30,,,
71700844,73.819119,18.546766,delonix regia,"Sakal Nagar,Pune",,,,FLASE,PMC,No,,,6.26910828,30,,,
71700640,73.820212,18.546773,araucaria heterophylla,"Sakal Nagar,Pune",,,,FLASE,PMC,No,,,6.26910828,30,,,
71700749,73.819762,18.546781,annona muricata,"Sakal Nagar,Pune",,,,FLASE,PMC,No,,,1.880732484,30,,,
71700762,73.819298,18.546836,leucaena latisiliqua,"Sakal Nagar,Pune",,,,FLASE,PMC,No,,,3.761464968,30,,,
71700639,73.820192,18.546852,araucaria heterophylla,"Sakal Nagar,Pune",,,,FLASE,PMC,No,,,5.015286624,30,,,
71700718,73.820149,18.546856,diospyros buxifolia,"Sakal Nagar,Pune",,,,FLASE,PMC,No,,,7.522929936,30,,,
71700852,73.819063,18.546867,polyalthia longifolia,"Sakal Nagar,Pune",,,,FLASE,PMC,No,,,3.13455414,30,,,
71700711,73.820169,18.546976,olea dioica,"Sakal Nagar,Pune",,,,FLASE,PMC,No,,,7.522929936,30,,,
71700854,73.819007,18.546983,polyalthia longifolia,"Sakal Nagar,Pune",,,,FLASE,PMC,No,,,2.507643312,30,,,
71700713,73.820149,18.546991,polyalthia longifolia,"Sakal Nagar,Pune",,,,FLASE,PMC,No,,,1.880732484,30,,,
71700764,73.819136,18.547049,melaleuca bracteata,"Sakal Nagar,Pune",,,,FLASE,PMC,No,,,11.2843949,30,,,
71700766,73.819304,18.547161,melaleuca bracteata,"Sakal Nagar,Pune",,,,FLASE,PMC,No,,,6.26910828,30,,,
71700859,73.818936,18.547185,alseodaphne semecarpifolia,"Sakal Nagar,Pune",,,,FLASE,PMC,No,,,2.507643312,30,,,
71700696,73.819982,18.54719,syzygium aromaticum,"Sakal Nagar,Pune",,,,FLASE,PMC,No,,,2.507643312,30,,,
71700697,73.81995,18.547212,polyalthia longifolia,"Sakal Nagar,Pune",,,,FLASE,PMC,No,,,2.507643312,30,,,
71700791,73.819523,18.547215,bauhinia racemosa,"Sakal Nagar,Pune",,,,FLASE,PMC,No,,,7.522929936,30,,,
71700778,73.819781,18.547397,pithecellobium dulce,"Sakal Nagar,Pune",,,,FLASE,PMC,No,,,7.522929936,30,,,
71700668,73.820544,18.547454,polyalthia longifolia,"Sakal Nagar,Pune",,,,FLASE,PMC,No,,,5.642197452,30,,,
71700681,73.820088,18.547501,cocos nucifera,"Sakal Nagar,Pune",,,,FLASE,PMC,No,,,7.522929936,30,,,
71700812,73.819916,18.547587,coccoloba uvifera,"Sakal Nagar,Pune",,,,FLASE,PMC,No,,,11.2843949,30,,,
71700811,73.819946,18.547617,leucaena latisiliqua,"Sakal Nagar,Pune",,,,FLASE,PMC,No,,,5.015286624,30,,,
71700813,73.819867,18.547659,azadirachta indica,"Sakal Nagar,Pune",,,,FLASE,PMC,No,,,8.776751592,30,,,
71700864,73.819702,18.547664,grevillea robusta,"Sakal Nagar,Pune",,,,FLASE,PMC,No,,,6.26910828,30,,,
71700865,73.819615,18.547676,grevillea robusta,"Sakal Nagar,Pune",,,,FLASE,PMC,No,,,1.880732484,30,,,
71700862,73.819762,18.547682,grevillea robusta,"Sakal Nagar,Pune",,,,FLASE,PMC,No,,,5.015286624,30,,,
71700875,73.819394,18.547689,grevillea robusta,"Sakal Nagar,Pune",,,,FLASE,PMC,No,,,2.507643312,30,,,
71700815,73.819297,18.547717,azadirachta indica,"Sakal Nagar,Pune",,,,FLASE,PMC,No,,,7.522929936,30,,,
71700873,73.81935,18.547728,grevillea robusta,"Sakal Nagar,Pune",,,,FLASE,PMC,No,,,6.26910828,30,,,
71700870,73.819499,18.547735,grevillea robusta,"Sakal Nagar,Pune",,,,FLASE,PMC,No,,,3.761464968,30,,,
71700779,73.819345,18.547865,grevillea robusta,"Sakal Nagar,Pune",,,,FLASE,PMC,No,,,3.13455414,30,,,
71700781,73.819234,18.547985,grevillea robusta,"Sakal Nagar,Pune",,,,FLASE,PMC,No,,,3.13455414,30,,,
71700830,73.819138,18.547988,mangifera indica,"Sakal Nagar,Pune",,,,FLASE,PMC,No,,,18.80732484,30,,,
71700890,73.819261,18.548769,azadirachta indica,"Sakal Nagar,Pune",,,,FLASE,PMC,No,,,7.522929936,30,,,
71700896,73.819267,18.549048,melaleuca bracteata,"Sakal Nagar,Pune",,,,FLASE,PMC,No,,,7.522929936,30,,,
71700907,73.819302,18.549184,alstonia macrophylla,"Sakal Nagar,Pune",,,,FLASE,PMC,No,,,8.776751592,30,,,
71700909,73.819226,18.549189,polyalthia longifolia,"Sakal Nagar,Pune",,,,FLASE,PMC,No,,,20.0611465,30,,,
71700913,73.819117,18.54919,azadirachta indica,"Sakal Nagar,Pune",,,,FLASE,PMC,No,,,5.015286624,30,,,
71700973,73.819574,18.54926,azadirachta indica,"Sakal Nagar,Pune",,,,FLASE,PMC,No,,,4.388375796,30,,,
71700961,73.819539,18.549303,polyalthia longifolia,"Sakal Nagar,Pune",,,,FLASE,PMC,No,,,1.629968153,30,,,
71700918,73.819277,18.54938,polyalthia longifolia,"Sakal Nagar,Pune",,,,FLASE,PMC,No,,,6.26910828,30,,,
71700960,73.819515,18.549429,polyalthia longifolia,"Sakal Nagar,Pune",,,,FLASE,PMC,No,,,2.507643312,30,,,
71700954,73.819431,18.549516,polyalthia longifolia,"Sakal Nagar,Pune",,,,FLASE,PMC,No,,,4.388375796,30,,,
71700921,73.819088,18.54954,thespesia populnea,"Sakal Nagar,Pune",,,,FLASE,PMC,No,,,5.015286624,30,,,
71700949,73.819334,18.5497,polyalthia longifolia,"Sakal Nagar,Pune",,,,FLASE,PMC,No,,,2.382261146,30,,,
71700943,73.819229,18.549788,polyalthia longifolia,"Sakal Nagar,Pune",,,,FLASE,PMC,No,,,6.26910828,30,,,
71700944,73.819247,18.549794,bombax ceiba,"Sakal Nagar,Pune",,,,FLASE,PMC,No,,,18.80732484,30,,,
72200110,73.822874,18.549248,delonix regia,"Sakal Nagar,Pune",,,,FLASE,PMC,No,,,5.015286624,30,,,
72200114,73.822638,18.549583,delonix regia,"Sakal Nagar,Pune",,,,FLASE,PMC,No,,,5.015286624,30,,,
72200115,73.822573,18.549672,delonix regia,"Sakal Nagar,Pune",,,,FLASE,PMC,No,,,3.761464968,30,,,
72200115,73.822573,18.549672,delonix regia,"Sakal Nagar,Pune",,,,FLASE,PMC,No,,,3.761464968,30,,,
72201164,73.822573,18.549672,delonix regia,"Sakal Nagar,Pune",,,,FLASE,PMC,No,,,5.015286624,30,,,
72201164,73.822573,18.549672,delonix regia,"Sakal Nagar,Pune",,,,FLASE,PMC,No,,,5.015286624,30,,,
72200117,73.822563,18.549724,delonix regia,"Sakal Nagar,Pune",,,,FLASE,PMC,No,,,4.388375796,30,,,
72200117,73.822563,18.549724,delonix regia,"Sakal Nagar,Pune",,,,FLASE,PMC,No,,,4.388375796,30,,,
72200118,73.822486,18.549792,grewia flavescens,"Sakal Nagar,Pune",,,,FLASE,PMC,No,,,7.522929936,30,,,
72200118,73.822486,18.549792,grewia flavescens,"Sakal Nagar,Pune",,,,FLASE,PMC,No,,,7.522929936,30,,,
72200119,73.822457,18.549834,delonix regia,"Sakal Nagar,Pune",,,,FLASE,PMC,No,,,8.776751592,30,,,
72200119,73.822457,18.549834,delonix regia,"Sakal Nagar,Pune",,,,FLASE,PMC,No,,,8.776751592,30,,,
72200124,73.822255,18.550224,delonix regia,"Sakal Nagar,Pune",,,,FLASE,PMC,No,,,5.015286624,30,,,
72300125,73.822153,18.550255,cassia spectabilis,"Sakal Nagar,Pune",,,,FLASE,PMC,No,,,7.522929936,30,,,
72300131,73.821886,18.550608,delonix regia,"Sakal Nagar,Pune",,,,FLASE,PMC,No,,,7.522929936,30,,,
72300133,73.821891,18.550636,delonix regia,"Sakal Nagar,Pune",,,,FLASE,PMC,No,,,7.522929936,30,,,
71500030,73.822795,18.545347,melaleuca bracteata,"Sakal Nagar,Pune",,,,FLASE,PMC,No,,,6.26910828,29,,,
71500049,73.821933,18.546814,licuala grandis,"Sakal Nagar,Pune",,,,FLASE,PMC,No,,,5.642197452,29,,,
71500167,73.822229,18.546622,tectona grandis,"Sakal Nagar,Pune",,,,FLASE,PMC,No,,,15.04585987,28,,,
71500175,73.822404,18.546751,tectona grandis,"Sakal Nagar,Pune",,,,FLASE,PMC,No,,,11.2843949,28,,,
71500181,73.822579,18.546836,azadirachta indica,"Sakal Nagar,Pune",,,,FLASE,PMC,No,,,12.53821656,28,,,
71500324,73.823147,18.547262,grevillea robusta,"Sakal Nagar,Pune",,,,FLASE,PMC,No,,,6.018343949,28,,,
71500336,73.823497,18.547006,dalbergia sissoo,"Sakal Nagar,Pune",,,,FLASE,PMC,No,,,5.015286624,28,,,
71500136,73.822144,18.547321,melaleuca bracteata,"Sakal Nagar,Pune",,,,FLASE,PMC,No,,,11.15901274,27,,,
71500148,73.822254,18.547132,spathodea campanulata,"Sakal Nagar,Pune",,,,FLASE,PMC,No,,,4.764522293,27,,,
71500315,73.822512,18.547415,olea dioica,"Sakal Nagar,Pune",,,,FLASE,PMC,No,,,10.03057325,27,,,
71500325,73.823141,18.547171,azadirachta indica,"Sakal Nagar,Pune",,,,FLASE,PMC,No,,,6.018343949,27,,,
71500327,73.823285,18.54726,ochna obtusata,"Sakal Nagar,Pune",,,,FLASE,PMC,No,,,3.761464968,27,,,
71500334,73.823357,18.546965,leucaena latisiliqua,"Sakal Nagar,Pune",,,,FLASE,PMC,No,,,4.639140127,27,,,
71500151,73.822256,18.547097,melaleuca bracteata,"Sakal Nagar,Pune",,,,FLASE,PMC,No,,,4.764522293,26,,,
71500265,73.823215,18.545775,madhuca longifolia var. longifolia,"Sakal Nagar,Pune",,,,FLASE,PMC,No,,,3.13455414,26,,,
71500313,73.82258,18.547479,mangifera indica,"Sakal Nagar,Pune",,,,FLASE,PMC,No,,,7.272165605,26,,,
71300051,73.826316,18.544564,delonix regia,"Sakal Nagar,Pune",,,,FLASE,PMC,No,,,15.04585987,25,,,
71400032,73.824116,18.544282,leucaena latisiliqua,"Sakal Nagar,Pune",,,,FLASE,PMC,No,,,9.529044586,25,,,
71500088,73.82403,18.547623,delonix regia,"Sakal Nagar,Pune",,,,FLASE,PMC,No,,,31.3455414,25,,,
71500061,73.821795,18.546904,mangifera indica,"Sakal Nagar,Pune",,,,FLASE,PMC,No,,,7.522929936,25,,,
71500083,73.821669,18.547492,mangifera indica,"Sakal Nagar,Pune",,,,FLASE,PMC,No,,,10.03057325,25,,,
71500085,73.821565,18.547503,grevillea robusta,"Sakal Nagar,Pune",,,,FLASE,PMC,No,,,13.79203822,25,,,
71500103,73.821601,18.547412,mangifera indica,"Sakal Nagar,Pune",,,,FLASE,PMC,No,,,8.776751592,25,,,
71500104,73.821631,18.547328,mangifera indica,"Sakal Nagar,Pune",,,,FLASE,PMC,No,,,10.03057325,25,,,
71500106,73.821927,18.547271,callistemon citrinus,"Sakal Nagar,Pune",,,,FLASE,PMC,No,,,15.04585987,25,,,
71500107,73.821845,18.547251,callistemon citrinus,"Sakal Nagar,Pune",,,,FLASE,PMC,No,,,11.2843949,25,,,
71500108,73.821948,18.547256,callistemon citrinus,"Sakal Nagar,Pune",,,,FLASE,PMC,No,,,7.522929936,25,,,
71500109,73.821942,18.54721,callistemon citrinus,"Sakal Nagar,Pune",,,,FLASE,PMC,No,,,11.2843949,25,,,
71500110,73.821942,18.54721,callistemon citrinus,"Sakal Nagar,Pune",,,,FLASE,PMC,No,,,11.2843949,25,,,
71500112,73.821942,18.54721,polyalthia longifolia,"Sakal Nagar,Pune",,,,FLASE,PMC,No,,,3.761464968,25,,,
71500113,73.821985,18.547233,polyalthia longifolia,"Sakal Nagar,Pune",,,,FLASE,PMC,No,,,3.761464968,25,,,
71500129,73.821995,18.547438,polyalthia longifolia,"Sakal Nagar,Pune",,,,FLASE,PMC,No,,,2.507643312,25,,,
71500137,73.822195,18.547473,spathodea campanulata,"Sakal Nagar,Pune",,,,FLASE,PMC,No,,,2.507643312,25,,,
71500143,73.822377,18.547321,psidium guajava,"Sakal Nagar,Pune",,,,FLASE,PMC,No,,,2.507643312,25,,,
71500154,73.82218,18.547153,spathodea campanulata,"Sakal Nagar,Pune",,,,FLASE,PMC,No,,,2.507643312,25,,,
71500159,73.822101,18.547025,millingtonia hortensis,"Sakal Nagar,Pune",,,,FLASE,PMC,No,,,10.03057325,25,,,
71500160,73.822146,18.547053,millingtonia hortensis,"Sakal Nagar,Pune",,,,FLASE,PMC,No,,,50.15286624,25,,,
71500168,73.822262,18.546627,acacia leucophloea,"Sakal Nagar,Pune",,,,FLASE,PMC,No,,,10.03057325,25,,,
71500188,73.822913,18.546934,gliricidia sepium,"Sakal Nagar,Pune",,,,FLASE,PMC,No,,,11.2843949,25,,,
71500189,73.822826,18.546832,gliricidia sepium,"Sakal Nagar,Pune",,,,FLASE,PMC,No,,,18.80732484,25,,,
71500202,73.822591,18.54662,tectona grandis,"Sakal Nagar,Pune",,,,FLASE,PMC,No,,,2.507643312,25,,,
71500203,73.822591,18.54662,tectona grandis,"Sakal Nagar,Pune",,,,FLASE,PMC,No,,,2.507643312,25,,,
71500205,73.822614,18.5466,azadirachta indica,"Sakal Nagar,Pune",,,,FLASE,PMC,No,,,3.761464968,25,,,
71500213,73.822454,18.546402,tectona grandis,"Sakal Nagar,Pune",,,,FLASE,PMC,No,,,3.761464968,25,,,
71500221,73.822529,18.546172,callistemon citrinus,"Sakal Nagar,Pune",,,,FLASE,PMC,No,,,2.507643312,25,,,
71500225,73.822717,18.546106,mimusops elengi,"Sakal Nagar,Pune",,,,FLASE,PMC,No,,,2.507643312,25,,,
71500226,73.822727,18.546165,bauhinia variegata,"Sakal Nagar,Pune",,,,FLASE,PMC,No,,,12.53821656,25,,,
71500227,73.822807,18.54617,bauhinia variegata,"Sakal Nagar,Pune",,,,FLASE,PMC,No,,,12.53821656,25,,,
71500228,73.822802,18.546137,bauhinia variegata,"Sakal Nagar,Pune",,,,FLASE,PMC,No,,,12.53821656,25,,,
71500235,73.822954,18.546036,acacia leucophloea,"Sakal Nagar,Pune",,,,FLASE,PMC,No,,,17.55350318,25,,,
71500237,73.822935,18.545919,acacia leucophloea,"Sakal Nagar,Pune",,,,FLASE,PMC,No,,,3.761464968,25,,,
71500238,73.823076,18.545804,talauma mutabilis (did not find the name),"Sakal Nagar,Pune",,,,FLASE,PMC,No,,,2.507643312,25,,,
71500239,73.822897,18.546076,callistemon citrinus,"Sakal Nagar,Pune",,,,FLASE,PMC,No,,,3.13455414,25,,,
71500240,73.822859,18.546008,callistemon citrinus,"Sakal Nagar,Pune",,,,FLASE,PMC,No,,,3.13455414,25,,,
71500249,73.82331,18.546176,tabebuia argentea,"Sakal Nagar,Pune",,,,FLASE,PMC,No,,,7.522929936,25,,,
71500251,73.823188,18.546086,tabebuia argentea,"Sakal Nagar,Pune",,,,FLASE,PMC,No,,,10.03057325,25,,,
71500261,73.82327,18.545843,cassia renigera,"Sakal Nagar,Pune",,,,FLASE,PMC,No,,,3.13455414,25,,,
71500262,73.823267,18.545814,cassia renigera,"Sakal Nagar,Pune",,,,FLASE,PMC,No,,,2.507643312,25,,,
71500263,73.823215,18.545844,acacia planifrons,"Sakal Nagar,Pune",,,,FLASE,PMC,No,,,2.507643312,25,,,
71500264,73.823186,18.545887,talauma mutabilis (did not find the name),"Sakal Nagar,Pune",,,,FLASE,PMC,No,,,2.507643312,25,,,
71500266,73.823133,18.545692,couroupita guianensis,"Sakal Nagar,Pune",,,,FLASE,PMC,No,,,5.015286624,25,,,
71500347,73.823518,18.546795,tectona grandis,"Sakal Nagar,Pune",,,,FLASE,PMC,No,,,2.507643312,25,,,
71500350,73.823484,18.546745,spathodea campanulata,"Sakal Nagar,Pune",,,,FLASE,PMC,No,,,2.507643312,25,,,
71500383,73.823146,18.545423,alstonia scholaris,"Sakal Nagar,Pune",,,,FLASE,PMC,No,,,5.015286624,25,,,
71500384,73.82305,18.545408,alstonia scholaris,"Sakal Nagar,Pune",,,,FLASE,PMC,No,,,5.015286624,25,,,
71500385,73.823031,18.545366,alstonia scholaris,"Sakal Nagar,Pune",,,,FLASE,PMC,No,,,5.015286624,25,,,
71500385,73.823031,18.545366,alstonia scholaris,"Sakal Nagar,Pune",,,,FLASE,PMC,No,,,5.015286624,25,,,
71500386,73.823051,18.545407,alstonia scholaris,"Sakal Nagar,Pune",,,,FLASE,PMC,No,,,7.522929936,25,,,
71500387,73.823085,18.545434,alstonia scholaris,"Sakal Nagar,Pune",,,,FLASE,PMC,No,,,11.2843949,25,,,
71500389,73.823121,18.545267,terminalia arjuna,"Sakal Nagar,Pune",,,,FLASE,PMC,No,,,5.015286624,25,,,
71500423,73.823481,18.544937,delonix regia,"Sakal Nagar,Pune",,,,FLASE,PMC,No,,,3.259936306,25,,,
71500215,73.822458,18.546342,azadirachta indica,"Sakal Nagar,Pune",,,,FLASE,PMC,No,,,2.507643312,25,,,
71700857,73.819039,18.547158,polyalthia longifolia,"Sakal Nagar,Pune",,,,FLASE,PMC,No,,,18.80732484,25,,,
71700659,73.8205,18.547353,capparis grandis,"Sakal Nagar,Pune",,,,FLASE,PMC,No,,,5.015286624,25,,,
71700801,73.819907,18.547362,leucaena latisiliqua,"Sakal Nagar,Pune",,,,FLASE,PMC,No,,,6.26910828,25,,,
71700860,73.819887,18.547711,grevillea robusta,"Sakal Nagar,Pune",,,,FLASE,PMC,No,,,3.761464968,25,,,
71700867,73.819539,18.547723,grevillea robusta,"Sakal Nagar,Pune",,,,FLASE,PMC,No,,,3.761464968,25,,,
71700874,73.819431,18.547727,calophyllum inophyllum,"Sakal Nagar,Pune",,,,FLASE,PMC,No,,,37.61464968,25,,,
71700878,73.819393,18.547756,grevillea robusta,"Sakal Nagar,Pune",,,,FLASE,PMC,No,,,3.761464968,25,,,
71700880,73.819296,18.54792,grevillea robusta,"Sakal Nagar,Pune",,,,FLASE,PMC,No,,,2.507643312,25,,,
71700899,73.819437,18.549209,ficus amplissima,"Sakal Nagar,Pune",,,,FLASE,PMC,No,,,7.522929936,25,,,
71700983,73.819326,18.54931,cordia sebestena,"Sakal Nagar,Pune",,,,FLASE,PMC,No,,,5.015286624,25,,,
71700962,73.819634,18.54933,polyalthia longifolia,"Sakal Nagar,Pune",,,,FLASE,PMC,No,,,3.761464968,25,,,
71700942,73.819229,18.549788,dillenia indica,"Sakal Nagar,Pune",,,,FLASE,PMC,No,,,10.03057325,25,,,
72300132,73.821907,18.550633,delonix regia,"Sakal Nagar,Pune",,,,FLASE,PMC,No,,,5.015286624,25,,,
71500433,73.823566,18.545361,samanea saman (Albizia saman),"Sakal Nagar,Pune",,,,FLASE,PMC,No,,,5.015286624,23,,,
71500025,73.8226,18.545422,azadirachta indica,"Sakal Nagar,Pune",,,,FLASE,PMC,No,,,6.26910828,22,,,
71500256,73.823289,18.546014,delonix regia,"Sakal Nagar,Pune",,,,FLASE,PMC,No,,,25.07643312,22,,,
71500320,73.823249,18.547337,alstonia scholaris,"Sakal Nagar,Pune",,,,FLASE,PMC,No,,,4.388375796,22,,,
72200113,73.822739,18.54942,dillenia indica,"Sakal Nagar,Pune",,,,FLASE,PMC,No,,,5.015286624,22,,,
71400034,73.824585,18.543997,alstonia macrophylla,"Sakal Nagar,Pune",,,,FLASE,PMC,No,,,5.015286624,20,,,
71400084,73.824257,18.547324,delonix regia,"Sakal Nagar,Pune",,,,FLASE,PMC,No,,,7.522929936,20,,,
71500029,73.822793,18.545289,roystonea oleracea,"Sakal Nagar,Pune",,,,FLASE,PMC,No,,,6.26910828,20,,,
71500028,73.822717,18.545298,leucaena latisiliqua,"Sakal Nagar,Pune",,,,FLASE,PMC,No,,,3.761464968,20,,,
71500026,73.822639,18.545376,calophyllum inophyllum,"Sakal Nagar,Pune",,,,FLASE,PMC,No,,,8.776751592,20,,,
71500086,73.824213,18.547437,delonix regia,"Sakal Nagar,Pune",,,,FLASE,PMC,No,,,7.522929936,20,,,
71500050,73.82194,18.547142,melaleuca bracteata,"Sakal Nagar,Pune",,,,FLASE,PMC,No,,,8.776751592,20,,,
71500068,73.821596,18.547056,alstonia scholaris,"Sakal Nagar,Pune",,,,FLASE,PMC,No,,,5.015286624,20,,,
71500100,73.821676,18.547544,mangifera indica,"Sakal Nagar,Pune",,,,FLASE,PMC,No,,,5.015286624,20,,,
71500101,73.821723,18.547532,nyctanthes arbor-tristis,"Sakal Nagar,Pune",,,,FLASE,PMC,No,,,11.2843949,20,,,
71500123,73.822098,18.547301,polyalthia longifolia,"Sakal Nagar,Pune",,,,FLASE,PMC,No,,,3.761464968,20,,,
71500124,73.822068,18.547368,polyalthia longifolia,"Sakal Nagar,Pune",,,,FLASE,PMC,No,,,3.761464968,20,,,
71500125,73.822072,18.547339,polyalthia longifolia,"Sakal Nagar,Pune",,,,FLASE,PMC,No,,,2.507643312,20,,,
71500126,73.822133,18.547342,polyalthia longifolia,"Sakal Nagar,Pune",,,,FLASE,PMC,No,,,2.507643312,20,,,
71500127,73.822093,18.547495,polyalthia longifolia,"Sakal Nagar,Pune",,,,FLASE,PMC,No,,,2.507643312,20,,,
71500128,73.822075,18.547383,polyalthia longifolia,"Sakal Nagar,Pune",,,,FLASE,PMC,No,,,1.253821656,20,,,
71500130,73.822044,18.547441,araucaria heterophylla,"Sakal Nagar,Pune",,,,FLASE,PMC,No,,,5.015286624,20,,,
71500140,73.822454,18.547386,azadirachta indica,"Sakal Nagar,Pune",,,,FLASE,PMC,No,,,2.633025478,20,,,
71500155,73.822066,18.547161,nyctanthes arbor-tristis,"Sakal Nagar,Pune",,,,FLASE,PMC,No,,,16.29968153,20,,,
71500156,73.822106,18.547088,syzygium aromaticum,"Sakal Nagar,Pune",,,,FLASE,PMC,No,,,5.642197452,20,,,
71500169,73.82228,18.546654,acacia leucophloea,"Sakal Nagar,Pune",,,,FLASE,PMC,No,,,20.0611465,20,,,
71500173,73.822401,18.546729,azadirachta indica,"Sakal Nagar,Pune",,,,FLASE,PMC,No,,,12.53821656,20,,,
71500186,73.822852,18.546773,ficus racemosa,"Sakal Nagar,Pune",,,,FLASE,PMC,No,,,3.761464968,20,,,
71500212,73.822392,18.546331,tectona grandis,"Sakal Nagar,Pune",,,,FLASE,PMC,No,,,7.522929936,20,,,
71500216,73.822475,18.546304,melaleuca bracteata,"Sakal Nagar,Pune",,,,FLASE,PMC,No,,,3.761464968,20,,,
71500217,73.822475,18.546304,melaleuca bracteata,"Sakal Nagar,Pune",,,,FLASE,PMC,No,,,6.26910828,20,,,
71500219,73.822505,18.546267,melaleuca bracteata,"Sakal Nagar,Pune",,,,FLASE,PMC,No,,,2.382261146,20,,,
71500232,73.822927,18.546167,lagerstroemia reginae,"Sakal Nagar,Pune",,,,FLASE,PMC,No,,,15.04585987,20,,,
71500234,73.822881,18.54616,lagerstroemia reginae,"Sakal Nagar,Pune",,,,FLASE,PMC,No,,,11.2843949,20,,,
71500242,73.822939,18.546028,callistemon citrinus,"Sakal Nagar,Pune",,,,FLASE,PMC,No,,,15.04585987,20,,,
71500244,73.823132,18.546134,ziziphus glabrata,"Sakal Nagar,Pune",,,,FLASE,PMC,No,,,18.80732484,20,,,
71500253,73.8233,18.546125,callistemon citrinus,"Sakal Nagar,Pune",,,,FLASE,PMC,No,,,7.522929936,20,,,
71500271,73.823111,18.545672,tabebuia argentea,"Sakal Nagar,Pune",,,,FLASE,PMC,No,,,10.03057325,20,,,
71500322,73.823163,18.547275,roystonea oleracea,"Sakal Nagar,Pune",,,,FLASE,PMC,No,,,21.31496815,20,,,
71500323,73.823198,18.547307,alstonia macrophylla,"Sakal Nagar,Pune",,,,FLASE,PMC,No,,,5.015286624,20,,,
71500329,73.823217,18.547224,ochna obtusata,"Sakal Nagar,Pune",,,,FLASE,PMC,No,,,4.639140127,20,,,
71500342,73.823427,18.546876,tectona grandis,"Sakal Nagar,Pune",,,,FLASE,PMC,No,,,7.522929936,20,,,
71500343,73.823456,18.546915,tectona grandis,"Sakal Nagar,Pune",,,,FLASE,PMC,No,,,6.26910828,20,,,
71500382,73.82309,18.545322,alstonia scholaris,"Sakal Nagar,Pune",,,,FLASE,PMC,No,,,7.522929936,20,,,
71500416,73.823384,18.54525,delonix regia,"Sakal Nagar,Pune",,,,FLASE,PMC,No,,,3.761464968,20,,,
71500420,73.823199,18.545033,azadirachta indica,"Sakal Nagar,Pune",,,,FLASE,PMC,No,,,7.522929936,20,,,
71500425,73.823447,18.544927,delonix regia,"Sakal Nagar,Pune",,,,FLASE,PMC,No,,,2.758407643,20,,,
71500426,73.823539,18.545044,jacaranda mimosifolia,"Sakal Nagar,Pune",,,,FLASE,PMC,No,,,4.388375796,20,,,
71500428,73.823478,18.545103,jacaranda mimosifolia,"Sakal Nagar,Pune",,,,FLASE,PMC,No,,,3.13455414,20,,,
71600022,73.822081,18.545444,calophyllum inophyllum,"Sakal Nagar,Pune",,,,FLASE,PMC,No,,,3.761464968,20,,,
71600016,73.821399,18.545767,alstonia macrophylla,"Sakal Nagar,Pune",,,,FLASE,PMC,No,,,3.761464968,20,,,
71600008,73.82051,18.546034,mangifera indica,"Sakal Nagar,Pune",,,,FLASE,PMC,No,,,15.04585987,20,,,
71700004,73.819972,18.546327,calophyllum inophyllum,"Sakal Nagar,Pune",,,,FLASE,PMC,No,,,3.761464968,20,,,
71700002,73.819499,18.546474,leucaena latisiliqua,"Sakal Nagar,Pune",,,,FLASE,PMC,No,,,3.761464968,20,,,
71700736,73.819515,18.546528,leucaena latisiliqua,"Sakal Nagar,Pune",,,,FLASE,PMC,No,,,1.880732484,20,,,
71700745,73.819541,18.546687,diospyros buxifolia,"Sakal Nagar,Pune",,,,FLASE,PMC,No,,,5.642197452,20,,,
71700638,73.820282,18.546809,cassia spectabilis,"Sakal Nagar,Pune",,,,FLASE,PMC,No,,,5.015286624,20,,,
71700648,73.820424,18.546999,cocos nucifera,"Sakal Nagar,Pune",,,,FLASE,PMC,No,,,10.03057325,20,,,
71700700,73.819946,18.547006,melaleuca bracteata,"Sakal Nagar,Pune",,,,FLASE,PMC,No,,,7.522929936,20,,,
71700706,73.819979,18.547062,melaleuca bracteata,"Sakal Nagar,Pune",,,,FLASE,PMC,No,,,3.761464968,20,,,
71700858,73.819054,18.547097,nyctanthes arbor-tristis,"Sakal Nagar,Pune",,,,FLASE,PMC,No,,,18.80732484,20,,,
71700798,73.819922,18.547124,gliricidia sepium,"Sakal Nagar,Pune",,,,FLASE,PMC,No,,,1.880732484,20,,,
71700650,73.820543,18.547124,cocos nucifera,"Sakal Nagar,Pune",,,,FLASE,PMC,No,,,6.26910828,20,,,
71700790,73.819476,18.54718,terminalia arjuna,"Sakal Nagar,Pune",,,,FLASE,PMC,No,,,3.761464968,20,,,
71700775,73.819667,18.547194,psidium guajava,"Sakal Nagar,Pune",,,,FLASE,PMC,No,,,3.761464968,20,,,
71700805,73.819853,18.547237,bauhinia variegata,"Sakal Nagar,Pune",,,,FLASE,PMC,No,,,4.388375796,20,,,
71700693,73.819869,18.547247,gliricidia sepium,"Sakal Nagar,Pune",,,,FLASE,PMC,No,,,2.507643312,20,,,
71700804,73.819882,18.547272,leucaena latisiliqua,"Sakal Nagar,Pune",,,,FLASE,PMC,No,,,3.761464968,20,,,
71700771,73.819561,18.547292,ehretia laevis,"Sakal Nagar,Pune",,,,FLASE,PMC,No,,,2.507643312,20,,,
71700803,73.819868,18.547294,leucaena latisiliqua,"Sakal Nagar,Pune",,,,FLASE,PMC,No,,,3.761464968,20,,,
71700802,73.819873,18.547354,bauhinia racemosa,"Sakal Nagar,Pune",,,,FLASE,PMC,No,,,6.26910828,20,,,
71700800,73.819945,18.547354,tamarindus indica,"Sakal Nagar,Pune",,,,FLASE,PMC,No,,,6.26910828,20,,,
71700660,73.820473,18.547382,polyalthia longifolia,"Sakal Nagar,Pune",,,,FLASE,PMC,No,,,6.26910828,20,,,
71700665,73.820523,18.547468,polyalthia longifolia,"Sakal Nagar,Pune",,,,FLASE,PMC,No,,,5.015286624,20,,,
71700871,73.819471,18.547669,azadirachta indica,"Sakal Nagar,Pune",,,,FLASE,PMC,No,,,3.761464968,20,,,
71700835,73.819086,18.548034,callistemon citrinus,"Sakal Nagar,Pune",,,,FLASE,PMC,No,,,6.26910828,20,,,
71700895,73.819314,18.549031,callistemon citrinus,"Sakal Nagar,Pune",,,,FLASE,PMC,No,,,5.015286624,20,,,
71700897,73.81944,18.549104,callistemon citrinus,"Sakal Nagar,Pune",,,,FLASE,PMC,No,,,18.80732484,20,,,
71700898,73.819413,18.549175,callistemon citrinus,"Sakal Nagar,Pune",,,,FLASE,PMC,No,,,2.507643312,20,,,
71700900,73.81947,18.549181,ficus amplissima,"Sakal Nagar,Pune",,,,FLASE,PMC,No,,,3.13455414,20,,,
71700902,73.819459,18.549193,azadirachta indica,"Sakal Nagar,Pune",,,,FLASE,PMC,No,,,18.80732484,20,,,
71700970,73.819478,18.549245,polyalthia longifolia,"Sakal Nagar,Pune",,,,FLASE,PMC,No,,,1.504585987,20,,,
71500338,73.82344,18.546878,prunus serrulata,"Sakal Nagar,Pune",,,,FLASE,PMC,No,,,2.507643312,19,,,
71500434,73.823611,18.545376,azadirachta indica,"Sakal Nagar,Pune",,,,FLASE,PMC,No,,,3.761464968,19,,,
71500138,73.822446,18.547315,santalum album,"Sakal Nagar,Pune",,,,FLASE,PMC,No,,,2.507643312,18,,,
71500241,73.822923,18.545938,brassaia actinophylla,"Sakal Nagar,Pune",,,,FLASE,PMC,No,,,10.03057325,18,,,
71500337,73.823305,18.547075,azadirachta indica,"Sakal Nagar,Pune",,,,FLASE,PMC,No,,,3.761464968,18,,,
71500418,73.823393,18.545163,cassia spectabilis,"Sakal Nagar,Pune",,,,FLASE,PMC,No,,,3.761464968,18,,,
71500430,73.823574,18.545213,jacaranda mimosifolia,"Sakal Nagar,Pune",,,,FLASE,PMC,No,,,5.015286624,18,,,
71500150,73.822163,18.547153,ficus arnottiana,"Sakal Nagar,Pune",,,,FLASE,PMC,No,,,2.507643312,16,,,
71500319,73.823125,18.547359,roystonea oleracea,"Sakal Nagar,Pune",,,,FLASE,PMC,No,,,28.83789809,16,,,
71400036,73.82462,18.543902,alstonia macrophylla,"Sakal Nagar,Pune",,,,FLASE,PMC,No,,,1.880732484,15,,,
71400035,73.824607,18.543946,alstonia macrophylla,"Sakal Nagar,Pune",,,,FLASE,PMC,No,,,3.761464968,15,,,
71400077,73.824696,18.546691,delonix regia,"Sakal Nagar,Pune",,,,FLASE,PMC,No,,,1.504585987,15,,,
71500028,73.822677,18.545579,cocos nucifera,"Sakal Nagar,Pune",,,,FLASE,PMC,No,,,11.2843949,15,,,
71500042,73.821953,18.546751,mangifera indica,"Sakal Nagar,Pune",,,,FLASE,PMC,No,,,8.776751592,15,,,
71500048,73.821919,18.546828,prosopis cineraria,"Sakal Nagar,Pune",,,,FLASE,PMC,No,,,12.53821656,15,,,
71500062,73.821801,18.547018,mangifera indica,"Sakal Nagar,Pune",,,,FLASE,PMC,No,,,6.26910828,15,,,
71500063,73.821756,18.546924,mangifera indica,"Sakal Nagar,Pune",,,,FLASE,PMC,No,,,5.015286624,15,,,
71500066,73.821656,18.546988,michelia champaca,"Sakal Nagar,Pune",,,,FLASE,PMC,No,,,3.761464968,15,,,
71500069,73.821574,18.547067,manilkara zapota,"Sakal Nagar,Pune",,,,FLASE,PMC,No,,,5.015286624,15,,,
71500070,73.821574,18.547112,eucalyptus citriodora,"Sakal Nagar,Pune",,,,FLASE,PMC,No,,,3.761464968,15,,,
71500081,73.821523,18.547454,santalum album,"Sakal Nagar,Pune",,,,FLASE,PMC,No,,,3.761464968,15,,,
71500082,73.821641,18.54753,mangifera indica,"Sakal Nagar,Pune",,,,FLASE,PMC,No,,,8.776751592,15,,,
71500087,73.821721,18.547519,michelia champaca,"Sakal Nagar,Pune",,,,FLASE,PMC,No,,,3.761464968,15,,,
71500088,73.821663,18.547472,mangifera indica,"Sakal Nagar,Pune",,,,FLASE,PMC,No,,,5.015286624,15,,,
71500089,73.821735,18.547579,annona squamosa,"Sakal Nagar,Pune",,,,FLASE,PMC,No,,,5.015286624,15,,,
71500099,73.821736,18.547607,nyctanthes arbor-tristis,"Sakal Nagar,Pune",,,,FLASE,PMC,No,,,6.26910828,15,,,
71500115,73.821974,18.547271,spathodea campanulata,"Sakal Nagar,Pune",,,,FLASE,PMC,No,,,3.761464968,15,,,
71500117,73.822018,18.547286,spathodea campanulata,"Sakal Nagar,Pune",,,,FLASE,PMC,No,,,3.761464968,15,,,
71500118,73.822018,18.547286,polyalthia longifolia,"Sakal Nagar,Pune",,,,FLASE,PMC,No,,,2.507643312,15,,,
71500120,73.822079,18.547298,polyalthia longifolia,"Sakal Nagar,Pune",,,,FLASE,PMC,No,,,2.507643312,15,,,
71500121,73.822073,18.547327,polyalthia longifolia,"Sakal Nagar,Pune",,,,FLASE,PMC,No,,,2.507643312,15,,,
71500144,73.822307,18.54716,mangifera indica,"Sakal Nagar,Pune",,,,FLASE,PMC,No,,,2.382261146,15,,,
71500172,73.822274,18.546522,talauma mutabilis (did not find the name),"Sakal Nagar,Pune",,,,FLASE,PMC,No,,,2.507643312,15,,,
71500214,73.822439,18.546324,cycas circinalis,"Sakal Nagar,Pune",,,,FLASE,PMC,No,,,8.776751592,15,,,
71500218,73.822475,18.546304,melaleuca bracteata,"Sakal Nagar,Pune",,,,FLASE,PMC,No,,,7.522929936,15,,,
71500243,73.822924,18.546031,callistemon citrinus,"Sakal Nagar,Pune",,,,FLASE,PMC,No,,,18.80732484,15,,,
71500250,73.823246,18.546023,tabebuia argentea,"Sakal Nagar,Pune",,,,FLASE,PMC,No,,,5.015286624,15,,,
71500252,73.823376,18.546132,plumeria pudica,"Sakal Nagar,Pune",,,,FLASE,PMC,No,,,7.522929936,15,,,
71500259,73.823372,18.545804,cordia sebestena,"Sakal Nagar,Pune",,,,FLASE,PMC,No,,,1.629968153,15,,,
71500314,73.822535,18.547456,olea dioica,"Sakal Nagar,Pune",,,,FLASE,PMC,No,,,3.385318471,15,,,
71500317,73.822644,18.547534,psidium guajava,"Sakal Nagar,Pune",,,,FLASE,PMC,No,,,2.507643312,15,,,
71500332,73.823394,18.547194,ochna obtusata,"Sakal Nagar,Pune",,,,FLASE,PMC,No,,,3.385318471,15,,,
71500335,73.823351,18.546963,cocos nucifera,"Sakal Nagar,Pune",,,,FLASE,PMC,No,,,4.889904459,15,,,
71500405,73.823283,18.545247,jacaranda mimosifolia,"Sakal Nagar,Pune",,,,FLASE,PMC,No,,,3.761464968,15,,,
71500406,73.823213,18.545253,cassia roxburghii,"Sakal Nagar,Pune",,,,FLASE,PMC,No,,,6.26910828,15,,,
71500407,73.823274,18.545257,jacaranda mimosifolia,"Sakal Nagar,Pune",,,,FLASE,PMC,No,,,7.522929936,15,,,
71500408,73.823226,18.545343,cassia roxburghii,"Sakal Nagar,Pune",,,,FLASE,PMC,No,,,5.015286624,15,,,
71500409,73.823336,18.545403,cassia roxburghii,"Sakal Nagar,Pune",,,,FLASE,PMC,No,,,3.761464968,15,,,
71500410,73.823271,18.545387,cassia roxburghii,"Sakal Nagar,Pune",,,,FLASE,PMC,No,,,3.761464968,15,,,
71500413,73.823397,18.545358,delonix regia,"Sakal Nagar,Pune",,,,FLASE,PMC,No,,,5.015286624,15,,,
71500414,73.823407,18.54527,jacaranda mimosifolia,"Sakal Nagar,Pune",,,,FLASE,PMC,No,,,3.761464968,15,,,
71500415,73.823424,18.545277,cassia spectabilis,"Sakal Nagar,Pune",,,,FLASE,PMC,No,,,3.761464968,15,,,
71500427,73.823518,18.54508,delonix regia,"Sakal Nagar,Pune",,,,FLASE,PMC,No,,,4.388375796,15,,,
71600021,73.822118,18.545541,calophyllum inophyllum,"Sakal Nagar,Pune",,,,FLASE,PMC,No,,,15.04585987,15,,,
71600017,73.821694,18.545657,alstonia macrophylla,"Sakal Nagar,Pune",,,,FLASE,PMC,No,,,31.3455414,15,,,
71700743,73.819367,18.546816,mangifera indica,"Sakal Nagar,Pune",,,,FLASE,PMC,No,,,2.382261146,15,,,
71700644,73.820461,18.546837,cocos nucifera,"Sakal Nagar,Pune",,,,FLASE,PMC,No,,,8.776751592,15,,,
71700647,73.820462,18.546959,polyalthia longifolia,"Sakal Nagar,Pune",,,,FLASE,PMC,No,,,3.761464968,15,,,
71700649,73.820471,18.547013,polyalthia longifolia,"Sakal Nagar,Pune",,,,FLASE,PMC,No,,,3.761464968,15,,,
71700699,73.819958,18.54715,michelia champaca,"Sakal Nagar,Pune",,,,FLASE,PMC,No,,,2.507643312,15,,,
71700690,73.819974,18.547291,michelia champaca,"Sakal Nagar,Pune",,,,FLASE,PMC,No,,,3.761464968,15,,,
71700653,73.820515,18.547312,ficus benjamina var. nuda,"Sakal Nagar,Pune",,,,FLASE,PMC,No,,,3.761464968,15,,,
71700656,73.820552,18.547342,diospyros buxifolia,"Sakal Nagar,Pune",,,,FLASE,PMC,No,,,2.507643312,15,,,
71700686,73.820002,18.54737,leucaena latisiliqua,"Sakal Nagar,Pune",,,,FLASE,PMC,No,,,1.253821656,15,,,
71706664,73.82051,18.547423,bauhinia tomentosa,"Sakal Nagar,Pune",,,,FLASE,PMC,No,,,5.015286624,15,,,
71700869,73.819516,18.547688,grevillea robusta,"Sakal Nagar,Pune",,,,FLASE,PMC,No,,,3.761464968,15,,,
71700863,73.819707,18.547709,grevillea robusta,"Sakal Nagar,Pune",,,,FLASE,PMC,No,,,3.761464968,15,,,
71700836,73.81916,18.547722,calophyllum inophyllum,"Sakal Nagar,Pune",,,,FLASE,PMC,No,,,3.761464968,15,,,
71700985,73.819314,18.549258,mangifera indica,"Sakal Nagar,Pune",,,,FLASE,PMC,No,,,1.504585987,15,,,
71500122,73.822117,18.547343,polyalthia longifolia,"Sakal Nagar,Pune",,,,FLASE,PMC,No,,,2.507643312,14,,,
71500321,73.823175,18.54728,alstonia macrophylla,"Sakal Nagar,Pune",,,,FLASE,PMC,No,,,3.510700637,14,,,
71500417,73.823393,18.545163,delonix regia,"Sakal Nagar,Pune",,,,FLASE,PMC,No,,,3.009171975,14,,,
71500419,73.823334,18.545107,delonix regia,"Sakal Nagar,Pune",,,,FLASE,PMC,No,,,4.262993631,14,,,
71500431,73.823548,18.545253,delonix regia,"Sakal Nagar,Pune",,,,FLASE,PMC,No,,,4.262993631,14,,,
71500233,73.822881,18.54616,lagerstroemia reginae,"Sakal Nagar,Pune",,,,FLASE,PMC,No,,,7.522929936,13,,,
71500260,73.823325,18.545872,cassia renigera,"Sakal Nagar,Pune",,,,FLASE,PMC,No,,,6.26910828,13,,,
71500267,73.823105,18.545802,michelia champaca,"Sakal Nagar,Pune",,,,FLASE,PMC,No,,,5.015286624,13,,,
71700003,73.819832,18.546345,alstonia macrophylla,"Sakal Nagar,Pune",,,,FLASE,PMC,No,,,1.880732484,13,,,
71700685,73.820026,18.547384,michelia champaca,"Sakal Nagar,Pune",,,,FLASE,PMC,No,,,5.015286624,13,,,
71700664,73.820516,18.547408,dillenia indica,"Sakal Nagar,Pune",,,,FLASE,PMC,No,,,1.504585987,13,,,
71400080,73.824572,18.546925,delonix regia,"Sakal Nagar,Pune",,,,FLASE,PMC,No,,,1.253821656,12,,,
71500027,73.822765,18.545321,alstonia macrophylla,"Sakal Nagar,Pune",,,,FLASE,PMC,No,,,1.880732484,12,,,
71500041,73.822088,18.546532,araucaria heterophylla,"Sakal Nagar,Pune",,,,FLASE,PMC,No,,,1.880732484,12,,,
71500412,73.823395,18.545395,jacaranda mimosifolia,"Sakal Nagar,Pune",,,,FLASE,PMC,No,,,3.761464968,12,,,
71500432,73.823569,18.545271,delonix regia,"Sakal Nagar,Pune",,,,FLASE,PMC,No,,,1.755350318,12,,,
71600019,73.821849,18.545583,alstonia macrophylla,"Sakal Nagar,Pune",,,,FLASE,PMC,No,,,2.507643312,12,,,
71700007,73.820415,18.546099,alstonia macrophylla,"Sakal Nagar,Pune",,,,FLASE,PMC,No,,,2.507643312,12,,,
71700657,73.820462,18.547326,psidium guajava,"Sakal Nagar,Pune",,,,FLASE,PMC,No,,,1.629968153,12,,,
71700941,73.819232,18.549836,polyalthia longifolia,"Sakal Nagar,Pune",,,,FLASE,PMC,No,,,1.253821656,12,,,
71400033,73.824548,18.5441,alstonia macrophylla,"Sakal Nagar,Pune",,,,FLASE,PMC,No,,,1.880732484,10,,,
71500031,73.823052,18.545065,alstonia scholaris,"Sakal Nagar,Pune",,,,FLASE,PMC,No,,,1.880732484,10,,,
71500119,73.822057,18.547258,polyalthia longifolia,"Sakal Nagar,Pune",,,,FLASE,PMC,No,,,2.507643312,10,,,
71500381,73.823059,18.545361,alstonia scholaris,"Sakal Nagar,Pune",,,,FLASE,PMC,No,,,2.507643312,10,,,
71500402,73.823254,18.545114,jacaranda mimosifolia,"Sakal Nagar,Pune",,,,FLASE,PMC,No,,,3.761464968,10,,,
71500403,73.823245,18.545161,cassia javanica var. indochinensis,"Sakal Nagar,Pune",,,,FLASE,PMC,No,,,2.507643312,10,,,
71500404,73.823267,18.545202,terminalia catappa,"Sakal Nagar,Pune",,,,FLASE,PMC,No,,,2.507643312,10,,,
71500429,73.823523,18.545151,delonix regia,"Sakal Nagar,Pune",,,,FLASE,PMC,No,,,3.761464968,10,,,
71600020,73.821952,18.545617,alstonia macrophylla,"Sakal Nagar,Pune",,,,FLASE,PMC,No,,,1.880732484,10,,,
71600018,73.821786,18.545626,alstonia macrophylla,"Sakal Nagar,Pune",,,,FLASE,PMC,No,,,5.015286624,10,,,
71700911,73.81918,18.549245,polyalthia longifolia,"Sakal Nagar,Pune",,,,FLASE,PMC,No,,,1.504585987,10,,,
71700939,73.819137,18.549723,psidium guajava,"Sakal Nagar,Pune",,,,FLASE,PMC,No,,,1.253821656,10,,,
71700936,73.819156,18.54987,plumeria pudica,"Sakal Nagar,Pune",,,,FLASE,PMC,No,,,1.504585987,10,,,
71600023,73.822341,18.545471,alstonia macrophylla,"Sakal Nagar,Pune",,,,FLASE,PMC,No,,,1.504585987,8,,,
71700651,73.820514,18.547047,mangifera indica,"Sakal Nagar,Pune",,,,FLASE,PMC,No,,,1.880732484,8,,,
