ID,POINT_X,POINT_Y,SCIENTIFIC,ADDRESS,PLOTTYPE,PLOTLENGTH,PLOTWIDTH,POWERLINE,OWNER,STEWARD,SPONSOR ,DATEPLANTED,DIAMETER,HEIGHT,CANOPYHEIGHT,CONDITION,CANOPYCONDITION
363700132,73.839455,18.516017,ficus religiosa,"Deccan Gymkhana,Pune",,,,FALSE,PMC,No,,,15.04585987,40,,Healthy,
363700138,73.839592,18.51606,polyalthia longifolia,"Deccan Gymkhana,Pune",,,,FALSE,PMC,No,,,11.2843949,35,,Healthy,
363700129,73.839271,18.516072,dalbergia lanceolaria var. paniculata,"Deccan Gymkhana,Pune",,,,FALSE,PMC,No,,,18.80732484,45,,Healthy,
363700134,73.839494,18.516073,leucaena latisiliqua,"Deccan Gymkhana,Pune",,,,FALSE,PMC,No,,,15.04585987,20,,Heavily Lopped,
363700126,73.83921,18.516082,leucaena latisiliqua,"Deccan Gymkhana,Pune",,,,FALSE,PMC,No,,,3.13455414,15,,Injured,
363700127,73.839162,18.516091,artocarpus heterophyllus,"Deccan Gymkhana,Pune",,,,FALSE,PMC,No,,,7.522929936,35,,Healthy,
363700136,73.839728,18.516117,polyalthia longifolia,"Deccan Gymkhana,Pune",,,,FALSE,PMC,No,,,11.2843949,35,,Healthy,
363700125,73.839191,18.516125,leucaena latisiliqua,"Deccan Gymkhana,Pune",,,,FALSE,PMC,No,,,20.0611465,35,,Healthy,
363700153,73.839698,18.516127,artocarpus heterophyllus,"Deccan Gymkhana,Pune",,,,FALSE,PMC,No,,,16.92659236,35,,Healthy,
363700151,73.839791,18.51613,polyalthia longifolia,"Deccan Gymkhana,Pune",,,,FALSE,PMC,No,,,3.13455414,15,,Healthy,
363700139,73.839816,18.516133,ficus racemosa,"Deccan Gymkhana,Pune",,,,FALSE,PMC,No,,,11.2843949,30,,Healthy,
363700137,73.839639,18.516147,polyalthia longifolia,"Deccan Gymkhana,Pune",,,,FALSE,PMC,No,,,11.2843949,35,,Healthy,
363700135,73.8397,18.516156,polyalthia longifolia,"Deccan Gymkhana,Pune",,,,FALSE,PMC,No,,,11.2843949,30,,Healthy,
363700152,73.839681,18.516168,annona squamosa,"Deccan Gymkhana,Pune",,,,FALSE,PMC,No,,,12.41283439,37,,Healthy,
363700149,73.839813,18.51617,neolamarckia cadamba,"Deccan Gymkhana,Pune",,,,FALSE,PMC,No,,,12.28745223,35,,Healthy,
363700150,73.839813,18.51617,cocos nucifera,"Deccan Gymkhana,Pune",,,,FALSE,PMC,No,,,21.31496815,52,,Healthy,
363700130,73.839398,18.516188,michelia champaca,"Deccan Gymkhana,Pune",,,,FALSE,PMC,No,,,21.31496815,40,,Healthy,
363700154,73.839596,18.516223,eucalyptus citriodora,"Deccan Gymkhana,Pune",,,,FALSE,PMC,No,,,17.42812102,43,,Healthy,
363700148,73.839823,18.51623,araucaria heterophylla,"Deccan Gymkhana,Pune",,,,FALSE,PMC,No,,,8.776751592,25,,Healthy,
363700147,73.839725,18.516242,licuala grandis,"Deccan Gymkhana,Pune",,,,FALSE,PMC,No,,,12.0366879,20,,Healthy,
363700435,73.83816,18.516226,delonix regia,"Deccan Gymkhana,Pune",,,,FALSE,PMC,No,,,6.26910828,16,,Healthy,
363700155,73.839509,18.51627,mangifera indica,"Deccan Gymkhana,Pune",,,,FALSE,PMC,No,,,15.42200637,35,,Healthy,
363700434,73.83812,18.516255,bauhinia tomentosa,"Deccan Gymkhana,Pune",,,,FALSE,PMC,No,,,3.761464968,17,,Healthy,
363700433,73.838074,18.51627,millettia peguensis,"Deccan Gymkhana,Pune",,,,FALSE,PMC,No,,,50.15286624,45,,Healthy,
363700431,73.838042,18.516288,erythrina suberosa,"Deccan Gymkhana,Pune",,,,FALSE,PMC,No,,,5.015286624,15,,Healthy,
363700040,73.839506,18.516289,ficus racemosa,"Deccan Gymkhana,Pune",,,,FALSE,PMC,No,,,37.61464968,41,,Healthy,
363700429,73.837977,18.516285,erythrina suberosa,"Deccan Gymkhana,Pune",,,,FALSE,PMC,No,,,3.761464968,15,,Healthy,
363700050,73.839081,18.516306,millingtonia hortensis,"Deccan Gymkhana,Pune",,,,FALSE,PMC,No,,,3.761464968,25,,Healthy,
363700432,73.838085,18.51631,Morinda pubescens,"Deccan Gymkhana,Pune",,,,FALSE,PMC,No,,,7.522929936,20,,Healthy,
363700461,73.83788,18.516256,polyalthia longifolia,"Deccan Gymkhana,Pune",,,,FALSE,PMC,No,,,6.26910828,30,,Healthy,
363700460,73.837864,18.516261,grevillea robusta,"Deccan Gymkhana,Pune",,,,FALSE,PMC,No,,,18.80732484,40,,Healthy,
363700462,73.83785,18.51631,cascabela thevetia,"Deccan Gymkhana,Pune",,,,FALSE,PMC,No,,,5.015286624,25,,Diseased,
363700428,73.837982,18.516334,erythrina suberosa,"Deccan Gymkhana,Pune",,,,FALSE,PMC,No,,,2.507643312,14,,Healthy,
363700044,73.839348,18.516339,polyalthia longifolia,"Deccan Gymkhana,Pune",,,,FALSE,PMC,No,,,17.55350318,30,,Healthy,
363700039,73.839495,18.516339,ficus racemosa,"Deccan Gymkhana,Pune",,,,FALSE,PMC,No,,,40.12229299,45,,Healthy,
363700463,73.837775,18.516341,polyalthia longifolia,"Deccan Gymkhana,Pune",,,,FALSE,PMC,No,,,5.015286624,35,,Healthy,
363700041,73.839363,18.516341,polyalthia longifolia,"Deccan Gymkhana,Pune",,,,FALSE,PMC,No,,,10.03057325,28,,Healthy,
363700042,73.839363,18.516341,polyalthia longifolia,"Deccan Gymkhana,Pune",,,,FALSE,PMC,No,,,16.92659236,38,,Healthy,
363700464,73.837726,18.516353,grevillea robusta,"Deccan Gymkhana,Pune",,,,FALSE,PMC,No,,,8.776751592,45,,Healthy,
363700469,73.837678,18.516302,polyalthia longifolia,"Deccan Gymkhana,Pune",,,,FALSE,PMC,No,,,5.642197452,40,,Healthy,
363700459,73.837887,18.516354,polyalthia longifolia,"Deccan Gymkhana,Pune",,,,FALSE,PMC,No,,,6.26910828,25,,Healthy,
363700470,73.837663,18.516303,ficus elastica,"Deccan Gymkhana,Pune",,,,FALSE,PMC,No,,,5.642197452,35,,Healthy,
363700133,73.839491,18.516361,cocos nucifera,"Deccan Gymkhana,Pune",,,,FALSE,PMC,No,,,10.65748408,40,,Healthy,
363700430,73.837977,18.516366,erythrina suberosa,"Deccan Gymkhana,Pune",,,,FALSE,PMC,No,,,37.61464968,45,,Healthy,
363700471,73.837573,18.516322,polyalthia longifolia,"Deccan Gymkhana,Pune",,,,FALSE,PMC,No,,,4.388375796,35,,Healthy,
363700494,73.838088,18.516372,artocarpus heterophyllus,"Deccan Gymkhana,Pune",,,,FALSE,PMC,No,,,2.507643312,20,,Healthy,
363700472,73.837566,18.516344,syzygium aromaticum,"Deccan Gymkhana,Pune",,,,FALSE,PMC,No,,,12.53821656,50,,Healthy,
363700467,73.837648,18.516376,polyalthia longifolia,"Deccan Gymkhana,Pune",,,,FALSE,PMC,No,,,3.761464968,35,,Healthy,
363700458,73.837887,18.516377,polyalthia longifolia,"Deccan Gymkhana,Pune",,,,FALSE,PMC,No,,,10.03057325,50,,Healthy,
363700028,73.839835,18.516378,polyalthia longifolia,"Deccan Gymkhana,Pune",,,,FALSE,PMC,No,,,9.779808917,30,,Healthy,
363700029,73.839835,18.516378,polyalthia longifolia,"Deccan Gymkhana,Pune",,,,FALSE,PMC,No,,,9.40366242,28,,Healthy,
363700043,73.839348,18.516385,polyalthia longifolia,"Deccan Gymkhana,Pune",,,,FALSE,PMC,No,,,15.04585987,37,,Healthy,
363700468,73.837798,18.516387,michelia champaca,"Deccan Gymkhana,Pune",,,,FALSE,PMC,No,,,6.26910828,30,,Healthy,
363700473,73.837567,18.516395,artocarpus heterophyllus,"Deccan Gymkhana,Pune",,,,FALSE,PMC,No,,,12.53821656,50,,Healthy,
363700035,73.839655,18.516395,polyalthia longifolia,"Deccan Gymkhana,Pune",,,,FALSE,PMC,No,,,6.26910828,25,,Healthy,
363700497,73.837906,18.516401,michelia champaca,"Deccan Gymkhana,Pune",,,,FALSE,PMC,No,,,4.388375796,25,,Healthy,
363700048,73.839189,18.516405,millingtonia hortensis,"Deccan Gymkhana,Pune",,,,FALSE,PMC,No,,,3.761464968,15,,Healthy,
363700479,73.837534,18.516407,cascabela thevetia,"Deccan Gymkhana,Pune",,,,FALSE,PMC,No,,,3.761464968,25,,Healthy,
363700465,73.837662,18.516408,polyalthia longifolia,"Deccan Gymkhana,Pune",,,,FALSE,PMC,No,,,7.522929936,40,,Healthy,
363700466,73.837662,18.516408,polyalthia longifolia,"Deccan Gymkhana,Pune",,,,FALSE,PMC,No,,,5.015286624,35,,Healthy,
363700495,73.838007,18.516408,polyalthia longifolia,"Deccan Gymkhana,Pune",,,,FALSE,PMC,No,,,8.149840764,35,,Healthy,
363700477,73.837417,18.516411,polyalthia longifolia,"Deccan Gymkhana,Pune",,,,FALSE,PMC,No,,,8.149840764,40,,Healthy,
363700033,73.83977,18.516413,polyalthia longifolia,"Deccan Gymkhana,Pune",,,,FALSE,PMC,No,,,15.04585987,35,,Healthy,
363700027,73.839806,18.516414,ficus benghalensis,"Deccan Gymkhana,Pune",,,,FALSE,PMC,No,,,125.3821656,40,,Healthy,
363700030,73.839879,18.516418,polyalthia longifolia,"Deccan Gymkhana,Pune",,,,FALSE,PMC,No,,,19.43423567,37,,Healthy,
363700049,73.839145,18.516425,millingtonia hortensis,"Deccan Gymkhana,Pune",,,,FALSE,PMC,No,,,5.015286624,25,,Healthy,
363700037,73.839616,18.516428,moringa oleifera,"Deccan Gymkhana,Pune",,,,FALSE,PMC,No,,,33.85318471,35,,Healthy,
363700038,73.839616,18.516428,moringa oleifera,"Deccan Gymkhana,Pune",,,,FALSE,PMC,No,,,15.54738854,35,,Healthy,
363700031,73.839761,18.516431,polyalthia longifolia,"Deccan Gymkhana,Pune",,,,FALSE,PMC,No,,,28.83789809,35,,Healthy,
363700032,73.839761,18.516431,polyalthia longifolia,"Deccan Gymkhana,Pune",,,,FALSE,PMC,No,,,16.29968153,35,,Healthy,
363700480,73.837495,18.516435,grevillea robusta,"Deccan Gymkhana,Pune",,,,FALSE,PMC,No,,,15.04585987,45,,Healthy,
363700051,73.839104,18.516435,millingtonia hortensis,"Deccan Gymkhana,Pune",,,,FALSE,PMC,No,,,3.761464968,20,,Healthy,
363700034,73.839678,18.516437,polyalthia longifolia,"Deccan Gymkhana,Pune",,,,FALSE,PMC,No,,,20.0611465,35,,Healthy,
363700046,73.839338,18.516438,polyalthia longifolia,"Deccan Gymkhana,Pune",,,,FALSE,PMC,No,,,15.04585987,36,,Healthy,
363700423,73.838037,18.516448,polyalthia longifolia,"Deccan Gymkhana,Pune",,,,FALSE,PMC,No,,,7.522929936,25,,Healthy,
363700424,73.838037,18.516448,polyalthia longifolia,"Deccan Gymkhana,Pune",,,,FALSE,PMC,No,,,10.03057325,23,,Healthy,
363700045,73.839289,18.516448,polyalthia longifolia,"Deccan Gymkhana,Pune",,,,FALSE,PMC,No,,,15.04585987,45,,Healthy,
363700476,73.837429,18.516457,polyalthia longifolia,"Deccan Gymkhana,Pune",,,,FALSE,PMC,No,,,6.26910828,35,,Healthy,
363700427,73.837948,18.516455,samanea saman (Albizia saman),"Deccan Gymkhana,Pune",,,,FALSE,PMC,No,,,37.61464968,45,,Healthy,
363700491,73.837979,18.516461,leucaena latisiliqua,"Deccan Gymkhana,Pune",,,,FALSE,PMC,No,,,15.04585987,45,,Healthy,
363700490,73.837931,18.516472,polyalthia longifolia,"Deccan Gymkhana,Pune",,,,FALSE,PMC,No,,,4.388375796,30,,Healthy,
363700492,73.837933,18.516473,polyalthia longifolia,"Deccan Gymkhana,Pune",,,,FALSE,PMC,No,,,3.761464968,25,,Healthy,
363700036,73.83958,18.516475,polyalthia longifolia,"Deccan Gymkhana,Pune",,,,FALSE,PMC,No,,,31.3455414,35,,Healthy,
363700475,73.837619,18.516478,polyalthia longifolia,"Deccan Gymkhana,Pune",,,,FALSE,PMC,No,,,3.761464968,15,,Healthy,
363700024,73.839843,18.516481,cassia fistula,"Deccan Gymkhana,Pune",,,,FALSE,PMC,No,,,5.642197452,24,,Diseased,
363700426,73.837908,18.516482,polyalthia longifolia,"Deccan Gymkhana,Pune",,,,FALSE,PMC,No,,,2.507643312,13,,Healthy,
363700474,73.83757,18.516483,polyalthia longifolia,"Deccan Gymkhana,Pune",,,,FALSE,PMC,No,,,3.761464968,20,,Healthy,
363700484,73.837372,18.516502,polyalthia longifolia,"Deccan Gymkhana,Pune",,,,FALSE,PMC,No,,,5.015286624,10,,Healthy,
363700425,73.837954,18.516486,polyalthia longifolia,"Deccan Gymkhana,Pune",,,,FALSE,PMC,No,,,6.26910828,23,,Healthy,
363700483,73.837361,18.51652,polyalthia longifolia,"Deccan Gymkhana,Pune",,,,FALSE,PMC,No,,,4.388375796,25,,Healthy,
363700025,73.839783,18.516515,cassia fistula,"Deccan Gymkhana,Pune",,,,FALSE,PMC,No,,,6.26910828,25,,Diseased,
363700422,73.837929,18.516516,polyalthia longifolia,"Deccan Gymkhana,Pune",,,,FALSE,PMC,No,,,11.2843949,30,,Healthy,
363700047,73.839239,18.516522,millingtonia hortensis,"Deccan Gymkhana,Pune",,,,FALSE,PMC,No,,,7.522929936,25,,Healthy,
363700478,73.837513,18.51653,psidium guajava,"Deccan Gymkhana,Pune",,,,FALSE,PMC,No,,,3.761464968,20,,Healthy,
363700447,73.837942,18.516532,Morinda pubescens,"Deccan Gymkhana,Pune",,,,FALSE,PMC,No,,,7.522929936,25,,Diseased,
363700026,73.839802,18.516534,cassia fistula,"Deccan Gymkhana,Pune",,,,FALSE,PMC,No,,,6.896019108,25,,Diseased,
363700487,73.838013,18.516541,grevillea robusta,"Deccan Gymkhana,Pune",,,,FALSE,PMC,No,,,6.26910828,25,,Healthy,
363700488,73.838013,18.516541,polyalthia longifolia,"Deccan Gymkhana,Pune",,,,FALSE,PMC,No,,,5.015286624,25,,Healthy,
363700489,73.838013,18.516541,ficus elastica,"Deccan Gymkhana,Pune",,,,FALSE,PMC,No,,,5.015286624,25,,Healthy,
363700482,73.83745,18.516559,grevillea robusta,"Deccan Gymkhana,Pune",,,,FALSE,PMC,No,,,7.522929936,30,,Healthy,
363700418,73.838011,18.516566,polyalthia longifolia,"Deccan Gymkhana,Pune",,,,FALSE,PMC,No,,,3.761464968,20,,Healthy,
363700449,73.83786,18.516568,mangifera indica,"Deccan Gymkhana,Pune",,,,FALSE,PMC,No,,,25.07643312,60,,Healthy,
363700485,73.837518,18.516587,grevillea robusta,"Deccan Gymkhana,Pune",,,,FALSE,PMC,No,,,6.26910828,50,,Healthy,
363700421,73.838014,18.516589,azadirachta indica,"Deccan Gymkhana,Pune",,,,FALSE,PMC,No,,,15.04585987,35,,Healthy,
363700412,73.838236,18.516589,olea dioica,"Deccan Gymkhana,Pune",,,,FALSE,PMC,No,,,25.07643312,35,,Healthy,
363700450,73.837819,18.516594,cocos nucifera,"Deccan Gymkhana,Pune",,,,FALSE,PMC,No,,,8.776751592,50,,Healthy,
363700486,73.837419,18.516621,leucaena latisiliqua,"Deccan Gymkhana,Pune",,,,FALSE,PMC,No,,,5.015286624,25,,Heavily Lopped,
363700481,73.837523,18.516609,araucaria heterophylla,"Deccan Gymkhana,Pune",,,,FALSE,PMC,No,,,6.26910828,45,,Healthy,
363700500,73.837801,18.516612,artocarpus heterophyllus,"Deccan Gymkhana,Pune",,,,FALSE,PMC,No,,,6.26910828,20,,Healthy,
363700448,73.837934,18.516623,sapindus emarginatus,"Deccan Gymkhana,Pune",,,,FALSE,PMC,No,,,12.53821656,45,,Healthy,
363700413,73.838294,18.516624,artocarpus heterophyllus,"Deccan Gymkhana,Pune",,,,FALSE,PMC,No,,,5.015286624,18,,Healthy,
363700414,73.838294,18.516624,azadirachta indica,"Deccan Gymkhana,Pune",,,,FALSE,PMC,No,,,15.04585987,35,,Healthy,
363700415,73.838294,18.516624,grevillea robusta,"Deccan Gymkhana,Pune",,,,FALSE,PMC,No,,,5.015286624,13,,Healthy,
363700416,73.838059,18.51663,michelia champaca,"Deccan Gymkhana,Pune",,,,FALSE,PMC,No,,,3.761464968,12,,Healthy,
363700504,73.83758,18.516633,emblica officinalis,"Deccan Gymkhana,Pune",,,,FALSE,PMC,No,,,6.26910828,20,,Healthy,
363700501,73.837704,18.516635,cocos nucifera,"Deccan Gymkhana,Pune",,,,FALSE,PMC,No,,,5.015286624,15,,Healthy,
363700502,73.837704,18.516635,mangifera indica,"Deccan Gymkhana,Pune",,,,FALSE,PMC,No,,,12.53821656,30,,Healthy,
363700420,73.838016,18.516637,polyalthia longifolia,"Deccan Gymkhana,Pune",,,,FALSE,PMC,No,,,15.04585987,30,,Healthy,
363700419,73.837969,18.516639,azadirachta indica,"Deccan Gymkhana,Pune",,,,FALSE,PMC,No,,,25.07643312,35,,Healthy,
363700445,73.837945,18.516659,mangifera indica,"Deccan Gymkhana,Pune",,,,FALSE,PMC,No,,,3.761464968,10,,Healthy,
363700446,73.837885,18.51666,michelia champaca,"Deccan Gymkhana,Pune",,,,FALSE,PMC,No,,,8.776751592,28,,Healthy,
363700444,73.837969,18.516661,cocos nucifera,"Deccan Gymkhana,Pune",,,,FALSE,PMC,No,,,4.388375796,25,,Healthy,
363700503,73.837676,18.516672,mangifera indica,"Deccan Gymkhana,Pune",,,,FALSE,PMC,No,,,15.04585987,35,,Healthy,
363700505,73.837595,18.516679,cocos nucifera,"Deccan Gymkhana,Pune",,,,FALSE,PMC,No,,,12.53821656,30,,Healthy,
363700438,73.838073,18.516695,michelia champaca,"Deccan Gymkhana,Pune",,,,FALSE,PMC,No,,,10.03057325,30,,Healthy,
363700506,73.837634,18.516704,mangifera indica,"Deccan Gymkhana,Pune",,,,FALSE,PMC,No,,,7.522929936,20,,Healthy,
363700443,73.837942,18.516707,mangifera indica,"Deccan Gymkhana,Pune",,,,FALSE,PMC,No,,,18.80732484,50,,Healthy,
363700124,73.838554,18.516715,millingtonia hortensis,"Deccan Gymkhana,Pune",,,,FALSE,PMC,No,,,2.507643312,15,,Healthy,
363700507,73.837531,18.51672,cocos nucifera,"Deccan Gymkhana,Pune",,,,FALSE,PMC,No,,,10.03057325,30,,Healthy,
363700437,73.837981,18.516733,mangifera indica,"Deccan Gymkhana,Pune",,,,FALSE,PMC,No,,,12.53821656,28,,Healthy,
363700023,73.839906,18.516733,michelia champaca,"Deccan Gymkhana,Pune",,,,FALSE,PMC,No,,,1.504585987,14,,Healthy,
363700440,73.838088,18.516737,cocos nucifera,"Deccan Gymkhana,Pune",,,,FALSE,PMC,No,,,6.26910828,29,,Healthy,
363700457,73.838021,18.51676,polyalthia longifolia,"Deccan Gymkhana,Pune",,,,FALSE,PMC,No,,,6.26910828,30,,Healthy,
363700122,73.838621,18.516769,millingtonia hortensis,"Deccan Gymkhana,Pune",,,,FALSE,PMC,No,,,11.2843949,45,,Healthy,
363700441,73.838014,18.516772,mimusops elengi,"Deccan Gymkhana,Pune",,,,FALSE,PMC,No,,,3.761464968,25,,Healthy,
363700022,73.839946,18.516797,michelia champaca,"Deccan Gymkhana,Pune",,,,FALSE,PMC,No,,,1.253821656,12,,Healthy,
363700508,73.837533,18.516802,tamarindus indica,"Deccan Gymkhana,Pune",,,,FALSE,PMC,No,,,12.53821656,30,,Healthy,
363700442,73.837874,18.516805,cocos nucifera,"Deccan Gymkhana,Pune",,,,FALSE,PMC,No,,,7.522929936,40,,Healthy,
363700021,73.839894,18.516817,samanea saman (Albizia saman),"Deccan Gymkhana,Pune",,,,FALSE,PMC,No,,,50.15286624,40,,Healthy,
363700511,73.837626,18.516826,cocos nucifera,"Deccan Gymkhana,Pune",,,,FALSE,PMC,No,,,6.26910828,15,,Healthy,
363700509,73.837574,18.516827,syzygium jambos,"Deccan Gymkhana,Pune",,,,FALSE,PMC,No,,,18.80732484,35,,Healthy,
363700123,73.838577,18.51684,millingtonia hortensis,"Deccan Gymkhana,Pune",,,,FALSE,PMC,No,,,25.07643312,45,,Healthy,
363700451,73.837862,18.516848,psidium guajava,"Deccan Gymkhana,Pune",,,,FALSE,PMC,No,,,2.507643312,12,,Healthy,
363700452,73.837862,18.516848,araucaria heterophylla,"Deccan Gymkhana,Pune",,,,FALSE,PMC,No,,,5.015286624,20,,Healthy,
363700436,73.837923,18.516849,artocarpus heterophyllus,"Deccan Gymkhana,Pune",,,,FALSE,PMC,No,,,12.53821656,35,,Healthy,
363700282,73.838359,18.516852,glochidion ellipticum,"Deccan Gymkhana,Pune",,,,FALSE,PMC,No,,,6.26910828,20,,Healthy,
363700348,73.837688,18.516857,mimusops elengi,"Deccan Gymkhana,Pune",,,,FALSE,PMC,No,,,3.761464968,13,,Healthy,
363700455,73.83792,18.516859,polyalthia longifolia,"Deccan Gymkhana,Pune",,,,FALSE,PMC,No,,,6.26910828,30,,Healthy,
363700349,73.837738,18.51686,suregada multiflora,"Deccan Gymkhana,Pune",,,,FALSE,PMC,No,,,2.507643312,12,,Healthy,
363700291,73.838008,18.516864,santalum album,"Deccan Gymkhana,Pune",,,,FALSE,PMC,No,,,0.376146497,12,,Injured,
363700510,73.837616,18.516872,cassia renigera,"Deccan Gymkhana,Pune",,,,FALSE,PMC,No,,,11.2843949,30,,Healthy,
363700290,73.838086,18.516874,callistemon citrinus,"Deccan Gymkhana,Pune",,,,FALSE,PMC,No,,,2.507643312,12,,Healthy,
363700287,73.838099,18.51688,psidium guajava,"Deccan Gymkhana,Pune",,,,FALSE,PMC,No,,,3.761464968,15,,Healthy,
363700288,73.838099,18.51688,ochna obtusata,"Deccan Gymkhana,Pune",,,,FALSE,PMC,No,,,3.761464968,12,,Healthy,
363700289,73.838099,18.51688,santalum album,"Deccan Gymkhana,Pune",,,,FALSE,PMC,No,,,3.761464968,15,,Healthy,
363700280,73.838401,18.51688,santalum album,"Deccan Gymkhana,Pune",,,,FALSE,PMC,No,,,3.761464968,13,,Healthy,
363700281,73.838401,18.51688,michelia champaca,"Deccan Gymkhana,Pune",,,,FALSE,PMC,No,,,2.507643312,12,,Healthy,
363700264,73.838314,18.516895,saraca asoca,"Deccan Gymkhana,Pune",,,,FALSE,PMC,No,,,3.761464968,15,,Healthy,
363700283,73.838362,18.516898,polyalthia longifolia,"Deccan Gymkhana,Pune",,,,FALSE,PMC,No,,,7.522929936,25,,Healthy,
363700439,73.838263,18.516899,mangifera indica,"Deccan Gymkhana,Pune",,,,FALSE,PMC,No,,,6.26910828,35,,Healthy,
363700456,73.838001,18.516902,mangifera indica,"Deccan Gymkhana,Pune",,,,FALSE,PMC,No,,,12.53821656,50,,Healthy,
363700299,73.838227,18.516904,mangifera indica,"Deccan Gymkhana,Pune",,,,FALSE,PMC,No,,,25.07643312,30,,Healthy,
363700453,73.837875,18.516908,polyalthia longifolia,"Deccan Gymkhana,Pune",,,,FALSE,PMC,No,,,6.26910828,30,,Healthy,
363700277,73.83851,18.516908,mangifera indica,"Deccan Gymkhana,Pune",,,,FALSE,PMC,No,,,7.522929936,20,,Healthy,
363700292,73.837994,18.516911,aegle marmelos,"Deccan Gymkhana,Pune",,,,FALSE,PMC,No,,,15.04585987,25,,Healthy,
363700265,73.838249,18.516911,saraca asoca,"Deccan Gymkhana,Pune",,,,FALSE,PMC,No,,,25.07643312,25,,Healthy,
363700285,73.838131,18.516916,ochna obtusata,"Deccan Gymkhana,Pune",,,,FALSE,PMC,No,,,3.761464968,12,,Healthy,
363700286,73.838131,18.516916,annona reticulata,"Deccan Gymkhana,Pune",,,,FALSE,PMC,No,,,3.761464968,13,,Healthy,
363700512,73.837622,18.516917,cocos nucifera,"Deccan Gymkhana,Pune",,,,FALSE,PMC,No,,,10.03057325,30,,Healthy,
363700454,73.837928,18.516919,polyalthia longifolia,"Deccan Gymkhana,Pune",,,,FALSE,PMC,No,,,5.642197452,30,,Healthy,
363700278,73.838487,18.516928,ficus racemosa,"Deccan Gymkhana,Pune",,,,FALSE,PMC,No,,,15.04585987,22,,Healthy,
363700279,73.838487,18.516928,leucaena latisiliqua,"Deccan Gymkhana,Pune",,,,FALSE,PMC,No,,,7.522929936,30,,Healthy,
363700284,73.838168,18.516949,santalum album,"Deccan Gymkhana,Pune",,,,FALSE,PMC,No,,,5.015286624,20,,Healthy,
363700300,73.837955,18.516971,cocos nucifera,"Deccan Gymkhana,Pune",,,,FALSE,PMC,No,,,18.80732484,30,,Healthy,
363700347,73.837711,18.516973,mangifera indica,"Deccan Gymkhana,Pune",,,,FALSE,PMC,No,,,31.3455414,35,,Healthy,
363700345,73.837802,18.516984,wodyetia bifurcata,"Deccan Gymkhana,Pune",,,,FALSE,PMC,No,,,11.2843949,30,,Healthy,
363700351,73.837719,18.516987,mangifera indica,"Deccan Gymkhana,Pune",,,,FALSE,PMC,No,,,25.07643312,35,,Healthy,
363700276,73.838496,18.516987,cascabela thevetia,"Deccan Gymkhana,Pune",,,,FALSE,PMC,No,,,2.507643312,15,,Healthy,
363700352,73.837675,18.516991,manilkara zapota,"Deccan Gymkhana,Pune",,,,FALSE,PMC,No,,,3.761464968,12,,Healthy,
363700350,73.837727,18.516996,morus alba,"Deccan Gymkhana,Pune",,,,FALSE,PMC,No,,,3.761464968,12,,Healthy,
363700020,73.839912,18.516999,azadirachta indica,"Deccan Gymkhana,Pune",,,,FALSE,PMC,No,,,37.61464968,40,,Healthy,
363700301,73.83787,18.517003,polyalthia longifolia,"Deccan Gymkhana,Pune",,,,FALSE,PMC,No,,,6.26910828,15,,Healthy,
363700302,73.83787,18.517003,polyalthia longifolia,"Deccan Gymkhana,Pune",,,,FALSE,PMC,No,,,6.26910828,15,,Healthy,
363700303,73.83787,18.517003,polyalthia longifolia,"Deccan Gymkhana,Pune",,,,FALSE,PMC,No,,,8.776751592,25,,Healthy,
363700307,73.837954,18.517004,mangifera indica,"Deccan Gymkhana,Pune",,,,FALSE,PMC,No,,,37.61464968,45,,Healthy,
363700346,73.837764,18.517012,psidium guajava,"Deccan Gymkhana,Pune",,,,FALSE,PMC,No,,,3.761464968,13,,Healthy,
363700353,73.837706,18.517014,areca catechu,"Deccan Gymkhana,Pune",,,,FALSE,PMC,No,,,3.761464968,15,,Healthy,
363700271,73.838413,18.517014,cocos nucifera,"Deccan Gymkhana,Pune",,,,FALSE,PMC,No,,,12.53821656,30,,Healthy,
363700272,73.838413,18.517014,mangifera indica,"Deccan Gymkhana,Pune",,,,FALSE,PMC,No,,,31.3455414,40,,Healthy,
363700308,73.83769,18.517017,olea dioica,"Deccan Gymkhana,Pune",,,,FALSE,PMC,No,,,3.761464968,12,,Healthy,
363700273,73.838463,18.517017,tamarindus indica,"Deccan Gymkhana,Pune",,,,FALSE,PMC,No,,,37.61464968,40,,Healthy,
363700294,73.838008,18.517022,manilkara zapota,"Deccan Gymkhana,Pune",,,,FALSE,PMC,No,,,6.26910828,20,,Healthy,
363700312,73.8376,18.517024,cocos nucifera,"Deccan Gymkhana,Pune",,,,FALSE,PMC,No,,,12.53821656,45,,Healthy,
363700019,73.83992,18.517028,michelia champaca,"Deccan Gymkhana,Pune",,,,FALSE,PMC,No,,,1.253821656,10,,Healthy,
363700266,73.83818,18.51703,nyctanthes arbor-tristis,"Deccan Gymkhana,Pune",,,,FALSE,PMC,No,,,3.761464968,15,,Healthy,
363700270,73.838488,18.51703,psidium guajava,"Deccan Gymkhana,Pune",,,,FALSE,PMC,No,,,2.507643312,15,,Healthy,
363700267,73.838233,18.51704,mangifera indica,"Deccan Gymkhana,Pune",,,,FALSE,PMC,No,,,25.07643312,30,,Healthy,
363700340,73.837819,18.517041,olea dioica,"Deccan Gymkhana,Pune",,,,FALSE,PMC,No,,,15.04585987,30,,Healthy,
363700306,73.83797,18.517049,mangifera indica,"Deccan Gymkhana,Pune",,,,FALSE,PMC,No,,,15.04585987,25,,Injured,
363700274,73.83855,18.517051,ochna obtusata,"Deccan Gymkhana,Pune",,,,FALSE,PMC,No,,,5.015286624,15,,Healthy,
363700305,73.838019,18.517053,cocos nucifera,"Deccan Gymkhana,Pune",,,,FALSE,PMC,No,,,15.04585987,35,,Healthy,
363700373,73.838295,18.517053,wodyetia bifurcata,"Deccan Gymkhana,Pune",,,,FALSE,PMC,No,,,5.015286624,15,,Healthy,
363700293,73.837979,18.517058,wodyetia bifurcata,"Deccan Gymkhana,Pune",,,,FALSE,PMC,No,,,12.53821656,35,,Healthy,
363700298,73.838214,18.517064,morus alba,"Deccan Gymkhana,Pune",,,,FALSE,PMC,No,,,5.015286624,15,,Injured,
363700374,73.838189,18.517067,grevillea robusta,"Deccan Gymkhana,Pune",,,,FALSE,PMC,No,,,12.53821656,45,,Healthy,
363700310,73.837586,18.517069,emblica officinalis,"Deccan Gymkhana,Pune",,,,FALSE,PMC,No,,,3.761464968,12,,Healthy,
363700311,73.837586,18.517069,terminalia catappa,"Deccan Gymkhana,Pune",,,,FALSE,PMC,No,,,6.26910828,18,,Healthy,
363700156,73.839917,18.517073,ficus racemosa,"Deccan Gymkhana,Pune",,,,FALSE,PMC,No,,,4.388375796,25,,Healthy,
363700339,73.837815,18.51708,emblica officinalis,"Deccan Gymkhana,Pune",,,,FALSE,PMC,No,,,3.761464968,13,,Healthy,
363700275,73.838514,18.517081,azadirachta indica,"Deccan Gymkhana,Pune",,,,FALSE,PMC,No,,,16.29968153,25,,Healthy,
363700375,73.838143,18.517082,polyalthia longifolia,"Deccan Gymkhana,Pune",,,,FALSE,PMC,No,,,3.761464968,15,,Healthy,
363700342,73.837749,18.517084,morus alba,"Deccan Gymkhana,Pune",,,,FALSE,PMC,No,,,3.761464968,12,,Healthy,
363700343,73.837749,18.517084,cocos nucifera,"Deccan Gymkhana,Pune",,,,FALSE,PMC,No,,,12.53821656,30,,Healthy,
363700344,73.837749,18.517084,olea dioica,"Deccan Gymkhana,Pune",,,,FALSE,PMC,No,,,3.761464968,14,,Healthy,
363700309,73.837629,18.517086,mangifera indica,"Deccan Gymkhana,Pune",,,,FALSE,PMC,No,,,25.07643312,40,,Healthy,
363700268,73.838382,18.517089,annona reticulata,"Deccan Gymkhana,Pune",,,,FALSE,PMC,No,,,3.761464968,12,,Healthy,
363700326,73.837578,18.517098,mangifera indica,"Deccan Gymkhana,Pune",,,,FALSE,PMC,No,,,6.26910828,20,,Healthy,
363700269,73.838356,18.517098,suregada multiflora,"Deccan Gymkhana,Pune",,,,FALSE,PMC,No,,,2.507643312,12,,Healthy,
363700313,73.837623,18.517116,artocarpus heterophyllus,"Deccan Gymkhana,Pune",,,,FALSE,PMC,No,,,6.26910828,15,,Healthy,
363700314,73.837529,18.517096,olea dioica,"Deccan Gymkhana,Pune",,,,FALSE,PMC,No,,,7.522929936,20,,Healthy,
363700263,73.838314,18.517122,murraya koenigii,"Deccan Gymkhana,Pune",,,,FALSE,PMC,No,,,3.761464968,12,,Healthy,
363700304,73.83795,18.517123,leucaena latisiliqua,"Deccan Gymkhana,Pune",,,,FALSE,PMC,No,,,6.26910828,14,,Healthy,
363700360,73.838009,18.517123,drypetes roxburghii,"Deccan Gymkhana,Pune",,,,FALSE,PMC,No,,,5.015286624,15,,Healthy,
363700157,73.840004,18.517129,leucaena latisiliqua,"Deccan Gymkhana,Pune",,,,FALSE,PMC,No,,,4.388375796,19,,Diseased,
363700336,73.837819,18.51713,cocos nucifera,"Deccan Gymkhana,Pune",,,,FALSE,PMC,No,,,3.761464968,14,,Healthy,
363700359,73.838058,18.517132,annona squamosa,"Deccan Gymkhana,Pune",,,,FALSE,PMC,No,,,7.522929936,20,,Healthy,
363700341,73.837729,18.517133,nyctanthes arbor-tristis,"Deccan Gymkhana,Pune",,,,FALSE,PMC,No,,,2.507643312,12,,Healthy,
363700316,73.837616,18.517138,millingtonia hortensis,"Deccan Gymkhana,Pune",,,,FALSE,PMC,No,,,5.015286624,20,,Healthy,
363700363,73.837981,18.517147,azadirachta indica,"Deccan Gymkhana,Pune",,,,FALSE,PMC,No,,,5.015286624,15,,Healthy,
363700315,73.837548,18.517179,mangifera indica,"Deccan Gymkhana,Pune",,,,FALSE,PMC,No,,,37.61464968,30,,Healthy,
363700362,73.837934,18.517154,cocos nucifera,"Deccan Gymkhana,Pune",,,,FALSE,PMC,No,,,5.015286624,13,,Healthy,
363700334,73.837743,18.517156,psidium guajava,"Deccan Gymkhana,Pune",,,,FALSE,PMC,No,,,2.507643312,14,,Healthy,
363700361,73.837982,18.51716,mangifera indica,"Deccan Gymkhana,Pune",,,,FALSE,PMC,No,,,37.61464968,35,,Healthy,
363700317,73.837563,18.517175,bauhinia tomentosa,"Deccan Gymkhana,Pune",,,,FALSE,PMC,No,,,5.015286624,15,,Healthy,
363700330,73.837627,18.517162,manilkara zapota,"Deccan Gymkhana,Pune",,,,FALSE,PMC,No,,,3.761464968,15,,Healthy,
363700376,73.838128,18.517163,grevillea robusta,"Deccan Gymkhana,Pune",,,,FALSE,PMC,No,,,3.761464968,15,,Healthy,
363700327,73.837637,18.517164,mangifera indica,"Deccan Gymkhana,Pune",,,,FALSE,PMC,No,,,7.522929936,25,,Healthy,
363700331,73.837675,18.517166,ochna obtusata,"Deccan Gymkhana,Pune",,,,FALSE,PMC,No,,,3.761464968,15,,Healthy,
363700318,73.837656,18.517169,santalum album,"Deccan Gymkhana,Pune",,,,FALSE,PMC,No,,,5.015286624,13,,Healthy,
363700337,73.837834,18.517173,artocarpus heterophyllus,"Deccan Gymkhana,Pune",,,,FALSE,PMC,No,,,6.26910828,20,,Healthy,
363700321,73.837603,18.517175,michelia champaca,"Deccan Gymkhana,Pune",,,,FALSE,PMC,No,,,5.015286624,20,,Healthy,
363700320,73.837608,18.517177,ochna obtusata,"Deccan Gymkhana,Pune",,,,FALSE,PMC,No,,,5.015286624,15,,Healthy,
363700323,73.837609,18.517179,mangifera indica,"Deccan Gymkhana,Pune",,,,FALSE,PMC,No,,,5.015286624,16,,Healthy,
363700324,73.837609,18.517179,mangifera indica,"Deccan Gymkhana,Pune",,,,FALSE,PMC,No,,,5.015286624,13,,Healthy,
363700338,73.837742,18.51718,cocos nucifera,"Deccan Gymkhana,Pune",,,,FALSE,PMC,No,,,12.53821656,30,,Healthy,
363700377,73.83808,18.517181,grevillea robusta,"Deccan Gymkhana,Pune",,,,FALSE,PMC,No,,,5.015286624,15,,Healthy,
363700018,73.839939,18.517182,michelia champaca,"Deccan Gymkhana,Pune",,,,FALSE,PMC,No,,,1.504585987,10,,Healthy,
363700295,73.838013,18.517185,morus alba,"Deccan Gymkhana,Pune",,,,FALSE,PMC,No,,,6.26910828,15,,Healthy,
363700333,73.837727,18.517199,olea dioica,"Deccan Gymkhana,Pune",,,,FALSE,PMC,No,,,18.80732484,40,,Healthy,
363700335,73.837742,18.517205,annona squamosa,"Deccan Gymkhana,Pune",,,,FALSE,PMC,No,,,8.776751592,25,,Healthy,
363700158,73.839926,18.517209,artocarpus heterophyllus,"Deccan Gymkhana,Pune",,,,FALSE,PMC,No,,,3.761464968,15,,Healthy,
363700332,73.837679,18.517212,psidium guajava,"Deccan Gymkhana,Pune",,,,FALSE,PMC,No,,,2.507643312,12,,Healthy,
363700017,73.839913,18.517212,michelia champaca,"Deccan Gymkhana,Pune",,,,FALSE,PMC,No,,,1.253821656,10,,Healthy,
363700322,73.837558,18.517188,mangifera indica,"Deccan Gymkhana,Pune",,,,FALSE,PMC,No,,,15.04585987,25,,Healthy,
363700372,73.838314,18.517217,grevillea robusta,"Deccan Gymkhana,Pune",,,,FALSE,PMC,No,,,15.04585987,45,,Heavily Lopped,
363700014,73.839913,18.51722,leucaena latisiliqua,"Deccan Gymkhana,Pune",,,,FALSE,PMC,No,,,10.03057325,42,,Healthy,
363700371,73.838266,18.517222,grevillea robusta,"Deccan Gymkhana,Pune",,,,FALSE,PMC,No,,,7.522929936,30,,Healthy,
363700319,73.837608,18.517224,erythrina suberosa,"Deccan Gymkhana,Pune",,,,FALSE,PMC,No,,,3.761464968,14,,Healthy,
363700364,73.837912,18.51723,elaeocarpus sphaericus,"Deccan Gymkhana,Pune",,,,FALSE,PMC,No,,,5.015286624,15,,Healthy,
363700262,73.83831,18.517231,mangifera indica,"Deccan Gymkhana,Pune",,,,FALSE,PMC,No,,,18.80732484,30,,Healthy,
363700296,73.838098,18.517232,ficus racemosa,"Deccan Gymkhana,Pune",,,,FALSE,PMC,No,,,25.07643312,0,,Healthy,
363700297,73.838122,18.517234,annona squamosa,"Deccan Gymkhana,Pune",,,,FALSE,PMC,No,,,8.776751592,20,,Healthy,
363700325,73.837589,18.517236,wodyetia bifurcata,"Deccan Gymkhana,Pune",,,,FALSE,PMC,No,,,3.761464968,13,,Healthy,
363700013,73.839872,18.517245,michelia champaca,"Deccan Gymkhana,Pune",,,,FALSE,PMC,No,,,1.253821656,12,,Healthy,
363700328,73.837665,18.517253,cordia dichotoma,"Deccan Gymkhana,Pune",,,,FALSE,PMC,No,,,3.761464968,14,,Healthy,
363700329,73.837665,18.517253,cocos nucifera,"Deccan Gymkhana,Pune",,,,FALSE,PMC,No,,,8.776751592,25,,Healthy,
363700159,73.839952,18.517253,artocarpus heterophyllus,"Deccan Gymkhana,Pune",,,,FALSE,PMC,No,,,4.388375796,15,,Healthy,
363700357,73.837504,18.517241,callistemon citrinus,"Deccan Gymkhana,Pune",,,,FALSE,PMC,No,,,6.26910828,20,,Healthy,
363700365,73.837784,18.517271,ficus racemosa,"Deccan Gymkhana,Pune",,,,FALSE,PMC,No,,,3.761464968,14,,Healthy,
363700259,73.838641,18.517271,mangifera indica,"Deccan Gymkhana,Pune",,,,FALSE,PMC,No,,,12.53821656,20,,Healthy,
363700012,73.839892,18.517288,michelia champaca,"Deccan Gymkhana,Pune",,,,FALSE,PMC,No,,,4.388375796,20,,Healthy,
363700011,73.83983,18.517298,michelia champaca,"Deccan Gymkhana,Pune",,,,FALSE,PMC,No,,,3.761464968,18,,Healthy,
363700378,73.838047,18.517303,mangifera indica,"Deccan Gymkhana,Pune",,,,FALSE,PMC,No,,,18.80732484,20,,Diseased,
363700009,73.839768,18.517304,michelia champaca,"Deccan Gymkhana,Pune",,,,FALSE,PMC,No,,,2.758407643,12,,Healthy,
363700370,73.838322,18.517305,grevillea robusta,"Deccan Gymkhana,Pune",,,,FALSE,PMC,No,,,6.26910828,25,,Healthy,
363700367,73.838329,18.517325,ficus benghalensis,"Deccan Gymkhana,Pune",,,,FALSE,PMC,No,,,5.015286624,15,,Healthy,
363700368,73.838329,18.517325,grevillea robusta,"Deccan Gymkhana,Pune",,,,FALSE,PMC,No,,,5.015286624,14,,Healthy,
363700008,73.839732,18.51733,michelia champaca,"Deccan Gymkhana,Pune",,,,FALSE,PMC,No,,,3.13455414,15,,Healthy,
363700260,73.838614,18.517332,mangifera indica,"Deccan Gymkhana,Pune",,,,FALSE,PMC,No,,,18.80732484,25,,Healthy,
363700356,73.83784,18.517333,polyalthia longifolia,"Deccan Gymkhana,Pune",,,,FALSE,PMC,No,,,5.015286624,14,,Healthy,
363700010,73.839806,18.517335,michelia champaca,"Deccan Gymkhana,Pune",,,,FALSE,PMC,No,,,2.758407643,15,,Healthy,
363700384,73.838256,18.517341,grevillea robusta,"Deccan Gymkhana,Pune",,,,FALSE,PMC,No,,,5.015286624,17,,Healthy,
363700379,73.838046,18.517344,grevillea robusta,"Deccan Gymkhana,Pune",,,,FALSE,PMC,No,,,5.015286624,20,,Healthy,
363700355,73.837886,18.517352,polyalthia longifolia,"Deccan Gymkhana,Pune",,,,FALSE,PMC,No,,,5.015286624,15,,Healthy,
363700366,73.838317,18.517373,grevillea robusta,"Deccan Gymkhana,Pune",,,,FALSE,PMC,No,,,5.015286624,15,,Healthy,
363700261,73.838295,18.517382,cocos nucifera,"Deccan Gymkhana,Pune",,,,FALSE,PMC,No,,,15.04585987,18,,Healthy,
363700078,73.840042,18.517384,albizia lebbeck,"Deccan Gymkhana,Pune",,,,FALSE,PMC,No,,,11.2843949,35,,Healthy,
363700358,73.837928,18.517388,samanea saman (Albizia saman),"Deccan Gymkhana,Pune",,,,FALSE,PMC,No,,,50.15286624,45,,Healthy,
363700380,73.838055,18.51739,polyalthia longifolia,"Deccan Gymkhana,Pune",,,,FALSE,PMC,No,,,12.53821656,30,,Healthy,
363700381,73.8381,18.51741,leucaena latisiliqua,"Deccan Gymkhana,Pune",,,,FALSE,PMC,No,,,15.04585987,40,,Healthy,
363700382,73.838144,18.517426,ficus benghalensis,"Deccan Gymkhana,Pune",,,,FALSE,PMC,No,,,3.761464968,15,,Healthy,
363700007,73.83968,18.517428,michelia champaca,"Deccan Gymkhana,Pune",,,,FALSE,PMC,No,,,4.388375796,15,,Healthy,
363700383,73.83817,18.517467,grevillea robusta,"Deccan Gymkhana,Pune",,,,FALSE,PMC,No,,,3.761464968,15,,Healthy,
363700001,73.839972,18.517467,leucaena latisiliqua,"Deccan Gymkhana,Pune",,,,FALSE,PMC,No,,,7.522929936,20,,Healthy,
363700108,73.838868,18.517503,artocarpus heterophyllus,"Deccan Gymkhana,Pune",,,,FALSE,PMC,No,,,3.761464968,15,,Healthy,
363700107,73.838871,18.517505,grevillea robusta,"Deccan Gymkhana,Pune",,,,FALSE,PMC,No,,,7.522929936,35,,Healthy,
363700109,73.838819,18.517509,mangifera indica,"Deccan Gymkhana,Pune",,,,FALSE,PMC,No,,,3.761464968,7,,Healthy,
363700104,73.838928,18.517522,terminalia catappa,"Deccan Gymkhana,Pune",,,,FALSE,PMC,No,,,7.522929936,25,,Healthy,
363700105,73.838928,18.517522,terminalia catappa,"Deccan Gymkhana,Pune",,,,FALSE,PMC,No,,,3.761464968,35,,Healthy,
363700106,73.838928,18.517522,grevillea robusta,"Deccan Gymkhana,Pune",,,,FALSE,PMC,No,,,7.522929936,35,,Healthy,
363700110,73.838953,18.517538,cocos nucifera,"Deccan Gymkhana,Pune",,,,FALSE,PMC,No,,,15.04585987,40,,Healthy,
363700002,73.839917,18.517555,moringa oleifera,"Deccan Gymkhana,Pune",,,,FALSE,PMC,No,,,25.07643312,20,,Healthy,
363700003,73.839916,18.517569,samanea saman (Albizia saman),"Deccan Gymkhana,Pune",,,,FALSE,PMC,No,,,22.56878981,45,,Healthy,
363700006,73.838929,18.517588,ficus racemosa,"Deccan Gymkhana,Pune",,,,FALSE,PMC,No,,,22.56878981,40,,Healthy,
363700091,73.839025,18.517655,grevillea robusta,"Deccan Gymkhana,Pune",,,,FALSE,PMC,No,,,13.16512739,50,,Healthy,
363700092,73.839025,18.517655,azadirachta indica,"Deccan Gymkhana,Pune",,,,FALSE,PMC,No,,,4.388375796,15,,Healthy,
363700004,73.840054,18.517666,leucaena latisiliqua,"Deccan Gymkhana,Pune",,,,FALSE,PMC,No,,,5.015286624,25,,Healthy,
363700385,73.838662,18.517672,annona squamosa,"Deccan Gymkhana,Pune",,,,FALSE,PMC,No,,,7.522929936,20,,Healthy,
363700386,73.838662,18.517672,mimusops elengi,"Deccan Gymkhana,Pune",,,,FALSE,PMC,No,,,10.03057325,18,,Healthy,
363700387,73.838662,18.517672,cocos nucifera,"Deccan Gymkhana,Pune",,,,FALSE,PMC,No,,,12.53821656,30,,Healthy,
363700388,73.838662,18.517672,cassia renigera,"Deccan Gymkhana,Pune",,,,FALSE,PMC,No,,,5.015286624,12,,Healthy,
363700389,73.838662,18.517672,cocos nucifera,"Deccan Gymkhana,Pune",,,,FALSE,PMC,No,,,12.53821656,35,,Healthy,
363700390,73.838662,18.517672,nyctanthes arbor-tristis,"Deccan Gymkhana,Pune",,,,FALSE,PMC,No,,,5.015286624,15,,Healthy,
363700391,73.838662,18.517672,mangifera indica,"Deccan Gymkhana,Pune",,,,FALSE,PMC,No,,,37.61464968,40,,Healthy,
363700392,73.838662,18.517672,manilkara zapota,"Deccan Gymkhana,Pune",,,,FALSE,PMC,No,,,5.015286624,15,,Healthy,
363700393,73.838662,18.517672,annona reticulata,"Deccan Gymkhana,Pune",,,,FALSE,PMC,No,,,5.015286624,15,,Healthy,
363700394,73.838662,18.517672,cocos nucifera,"Deccan Gymkhana,Pune",,,,FALSE,PMC,No,,,15.04585987,40,,Healthy,
363700395,73.838662,18.517672,bauhinia tomentosa,"Deccan Gymkhana,Pune",,,,FALSE,PMC,No,,,2.507643312,10,,Healthy,
363700396,73.838662,18.517672,mangifera indica,"Deccan Gymkhana,Pune",,,,FALSE,PMC,No,,,18.80732484,40,,Healthy,
363700397,73.838662,18.517672,drypetes roxburghii,"Deccan Gymkhana,Pune",,,,FALSE,PMC,No,,,3.761464968,15,,Healthy,
363700398,73.838662,18.517672,mangifera indica,"Deccan Gymkhana,Pune",,,,FALSE,PMC,No,,,25.07643312,35,,Healthy,
363700399,73.838662,18.517672,mangifera indica,"Deccan Gymkhana,Pune",,,,FALSE,PMC,No,,,25.07643312,40,,Healthy,
363700400,73.838662,18.517672,mangifera indica,"Deccan Gymkhana,Pune",,,,FALSE,PMC,No,,,18.80732484,35,,Healthy,
363700401,73.838662,18.517672,drypetes roxburghii,"Deccan Gymkhana,Pune",,,,FALSE,PMC,No,,,2.507643312,15,,Healthy,
363700402,73.838662,18.517672,drypetes roxburghii,"Deccan Gymkhana,Pune",,,,FALSE,PMC,No,,,2.507643312,15,,Healthy,
363700403,73.838662,18.517672,artocarpus heterophyllus,"Deccan Gymkhana,Pune",,,,FALSE,PMC,No,,,10.03057325,25,,Healthy,
363700404,73.838662,18.517672,millettia peguensis,"Deccan Gymkhana,Pune",,,,FALSE,PMC,No,,,37.61464968,40,,Healthy,
363700405,73.838662,18.517672,azadirachta indica,"Deccan Gymkhana,Pune",,,,FALSE,PMC,No,,,3.761464968,12,,Healthy,
363700406,73.838662,18.517672,grevillea robusta,"Deccan Gymkhana,Pune",,,,FALSE,PMC,No,,,3.761464968,14,,Healthy,
363700407,73.838662,18.517672,terminalia catappa,"Deccan Gymkhana,Pune",,,,FALSE,PMC,No,,,12.53821656,35,,Healthy,
363700408,73.838662,18.517672,artocarpus heterophyllus,"Deccan Gymkhana,Pune",,,,FALSE,PMC,No,,,6.26910828,20,,Healthy,
363700409,73.838662,18.517672,roystonea oleracea,"Deccan Gymkhana,Pune",,,,FALSE,PMC,No,,,7.522929936,20,,Healthy,
363700410,73.838662,18.517672,bauhinia tomentosa,"Deccan Gymkhana,Pune",,,,FALSE,PMC,No,,,6.26910828,18,,Healthy,
363700411,73.838662,18.517672,olea dioica,"Deccan Gymkhana,Pune",,,,FALSE,PMC,No,,,18.80732484,20,,Diseased,
363700005,73.84014,18.517726,polyalthia longifolia,"Deccan Gymkhana,Pune",,,,FALSE,PMC,No,,,3.761464968,20,,Healthy,
363700094,73.838614,18.51774,grevillea robusta,"Deccan Gymkhana,Pune",,,,FALSE,PMC,No,,,13.79203822,50,,Healthy,
363700093,73.838566,18.51775,grevillea robusta,"Deccan Gymkhana,Pune",,,,FALSE,PMC,No,,,10.03057325,45,,Healthy,
363700121,73.838573,18.517752,polyalthia longifolia,"Deccan Gymkhana,Pune",,,,FALSE,PMC,No,,,11.2843949,35,,Healthy,
363700089,73.838657,18.517755,polyalthia longifolia,"Deccan Gymkhana,Pune",,,,FALSE,PMC,No,,,7.522929936,40,,Healthy,
363700101,73.838926,18.517792,polyalthia longifolia,"Deccan Gymkhana,Pune",,,,FALSE,PMC,No,,,3.761464968,35,,Healthy,
363700079,73.840043,18.5178,delonix regia,"Deccan Gymkhana,Pune",,,,FALSE,PMC,No,,,17.55350318,30,,Healthy,
363700080,73.839945,18.517807,cassia fistula,"Deccan Gymkhana,Pune",,,,FALSE,PMC,No,,,17.55350318,35,,Injured,
363700082,73.839693,18.517809,tabebuia argentea,"Deccan Gymkhana,Pune",,,,FALSE,PMC,No,,,11.2843949,35,,Healthy,
363700102,73.838943,18.517817,polyalthia longifolia,"Deccan Gymkhana,Pune",,,,FALSE,PMC,No,,,5.015286624,35,,Healthy,
363700088,73.838944,18.517825,pithecellobium dulce,"Deccan Gymkhana,Pune",,,,FALSE,PMC,No,,,2.507643312,35,,Healthy,
363700095,73.838911,18.517828,terminalia catappa,"Deccan Gymkhana,Pune",,,,FALSE,PMC,No,,,6.26910828,25,,Healthy,
363700086,73.839254,18.517833,cassia surattensis,"Deccan Gymkhana,Pune",,,,FALSE,PMC,No,,,10.03057325,25,,Healthy,
363700096,73.838946,18.517849,polyalthia longifolia,"Deccan Gymkhana,Pune",,,,FALSE,PMC,No,,,8.776751592,45,,Healthy,
363700084,73.83947,18.517854,spathodea campanulata,"Deccan Gymkhana,Pune",,,,FALSE,PMC,No,,,5.642197452,30,,Healthy,
363700090,73.838675,18.517857,polyalthia longifolia,"Deccan Gymkhana,Pune",,,,FALSE,PMC,No,,,7.522929936,40,,Healthy,
363700083,73.839625,18.517861,holoptelea integrifolia,"Deccan Gymkhana,Pune",,,,FALSE,PMC,No,,,18.80732484,40,,Healthy,
363700103,73.838941,18.517873,cocos nucifera,"Deccan Gymkhana,Pune",,,,FALSE,PMC,No,,,15.04585987,40,,Healthy,
363700099,73.83894,18.517896,azadirachta indica,"Deccan Gymkhana,Pune",,,,FALSE,PMC,No,,,6.26910828,30,,Healthy,
363700087,73.839046,18.517909,markhamia platycalyx,"Deccan Gymkhana,Pune",,,,FALSE,PMC,No,,,8.776751592,17,,Healthy,
363700052,73.837555,18.517938,ficus benghalensis,"Deccan Gymkhana,Pune",,,,FALSE,PMC,No,,,28.83789809,30,,Healthy,
363700053,73.837555,18.517938,eucalyptus citriodora,"Deccan Gymkhana,Pune",,,,FALSE,PMC,No,,,5.015286624,25,,Healthy,
363700054,73.837555,18.517938,muntingia calabura,"Deccan Gymkhana,Pune",,,,FALSE,PMC,No,,,6.26910828,25,,Healthy,
363700055,73.837555,18.517938,polyalthia longifolia,"Deccan Gymkhana,Pune",,,,FALSE,PMC,No,,,7.522929936,25,,Healthy,
363700056,73.837555,18.517938,polyalthia longifolia,"Deccan Gymkhana,Pune",,,,FALSE,PMC,No,,,10.03057325,25,,Healthy,
363700057,73.837555,18.517938,polyalthia longifolia,"Deccan Gymkhana,Pune",,,,FALSE,PMC,No,,,6.26910828,25,,Healthy,
363700058,73.837555,18.517938,polyalthia longifolia,"Deccan Gymkhana,Pune",,,,FALSE,PMC,No,,,5.015286624,25,,Healthy,
363700059,73.837555,18.517938,polyalthia longifolia,"Deccan Gymkhana,Pune",,,,FALSE,PMC,No,,,6.26910828,25,,Healthy,
363700060,73.837555,18.517938,polyalthia longifolia,"Deccan Gymkhana,Pune",,,,FALSE,PMC,No,,,6.26910828,25,,Healthy,
363700061,73.837555,18.517938,polyalthia longifolia,"Deccan Gymkhana,Pune",,,,FALSE,PMC,No,,,6.26910828,25,,Healthy,
363700062,73.837555,18.517938,polyalthia longifolia,"Deccan Gymkhana,Pune",,,,FALSE,PMC,No,,,3.761464968,25,,Healthy,
363700063,73.837555,18.517938,terminalia catappa,"Deccan Gymkhana,Pune",,,,FALSE,PMC,No,,,6.26910828,25,,Healthy,
363700064,73.837555,18.517938,polyalthia longifolia,"Deccan Gymkhana,Pune",,,,FALSE,PMC,No,,,6.26910828,30,,Healthy,
363700065,73.837555,18.517938,polyalthia longifolia,"Deccan Gymkhana,Pune",,,,FALSE,PMC,No,,,10.03057325,35,,Healthy,
363700066,73.837555,18.517938,polyalthia longifolia,"Deccan Gymkhana,Pune",,,,FALSE,PMC,No,,,7.522929936,20,,Healthy,
363700067,73.837555,18.517938,terminalia catappa,"Deccan Gymkhana,Pune",,,,FALSE,PMC,No,,,15.04585987,30,,Healthy,
363700068,73.837555,18.517938,polyalthia longifolia,"Deccan Gymkhana,Pune",,,,FALSE,PMC,No,,,15.04585987,25,,Healthy,
363700069,73.837555,18.517938,millingtonia hortensis,"Deccan Gymkhana,Pune",,,,FALSE,PMC,No,,,11.2843949,35,,Healthy,
363700070,73.837555,18.517938,ficus racemosa,"Deccan Gymkhana,Pune",,,,FALSE,PMC,No,,,12.53821656,35,,Healthy,
363700071,73.837555,18.517938,cassia javanica var. indochinensis,"Deccan Gymkhana,Pune",,,,FALSE,PMC,No,,,15.04585987,35,,Healthy,
363700072,73.837555,18.517938,cassia spectabilis,"Deccan Gymkhana,Pune",,,,FALSE,PMC,No,,,15.04585987,35,,Healthy,
363700073,73.837555,18.517938,samanea saman (Albizia saman),"Deccan Gymkhana,Pune",,,,FALSE,PMC,No,,,42.62993631,40,,Healthy,
363700074,73.837555,18.517938,grevillea robusta,"Deccan Gymkhana,Pune",,,,FALSE,PMC,No,,,15.04585987,40,,Healthy,
363700075,73.837555,18.517938,samanea saman (Albizia saman),"Deccan Gymkhana,Pune",,,,FALSE,PMC,No,,,17.55350318,40,,Healthy,
363700076,73.837555,18.517938,terminalia arjuna,"Deccan Gymkhana,Pune",,,,FALSE,PMC,No,,,5.015286624,25,,Healthy,
363700077,73.837555,18.517938,ficus arnottiana,"Deccan Gymkhana,Pune",,,,FALSE,PMC,No,,,52.66050955,35,,Healthy,
363600530,73.837311,18.516304,bauhinia variegata,"Deccan Gymkhana,Pune",,,,FALSE,PMC,No,,,6.26910828,20,,Healthy,
363600531,73.837471,18.516422,samanea saman (Albizia saman),"Deccan Gymkhana,Pune",,,,FALSE,PMC,No,,,20.0611465,40,,Healthy,
363600532,73.837277,18.516413,artocarpus heterophyllus,"Deccan Gymkhana,Pune",,,,FALSE,PMC,No,,,11.2843949,35,,Healthy,
363600546,73.837266,18.516389,talauma mutabilis (did not find the name),"Deccan Gymkhana,Pune",,,,FALSE,PMC,No,,,7.522929936,15,,Healthy,
363600534,73.837275,18.516444,ficus drupacea var. pubescens,"Deccan Gymkhana,Pune",,,,FALSE,PMC,No,,,3.761464968,20,,Healthy,
363600528,73.83739,18.516445,drypetes roxburghii,"Deccan Gymkhana,Pune",,,,FALSE,PMC,No,,,1.253821656,15,,Healthy,
363600547,73.837143,18.516465,mangifera indica,"Deccan Gymkhana,Pune",,,,FALSE,PMC,No,,,15.04585987,40,,Healthy,
363600499,73.8378,18.516407,polyalthia longifolia,"Deccan Gymkhana,Pune",,,,FALSE,PMC,No,,,12.53821656,45,,Healthy,
363600529,73.83739,18.516484,spathodea campanulata,"Deccan Gymkhana,Pune",,,,FALSE,PMC,No,,,3.761464968,25,,Healthy,
363600537,73.837243,18.516496,michelia champaca,"Deccan Gymkhana,Pune",,,,FALSE,PMC,No,,,3.761464968,20,,Healthy,
363600551,73.83699,18.516499,tamarindus indica,"Deccan Gymkhana,Pune",,,,FALSE,PMC,No,,,18.80732484,35,,Healthy,
363600554,73.836887,18.51649,annona squamosa,"Deccan Gymkhana,Pune",,,,FALSE,PMC,No,,,4.388375796,40,,Healthy,
363600527,73.83746,18.516502,spathodea campanulata,"Deccan Gymkhana,Pune",,,,FALSE,PMC,No,,,15.04585987,40,,Healthy,
363600496,73.837815,18.516445,suregada multiflora,"Deccan Gymkhana,Pune",,,,FALSE,PMC,No,,,3.761464968,20,,Healthy,
363600498,73.837815,18.516445,grevillea robusta,"Deccan Gymkhana,Pune",,,,FALSE,PMC,No,,,12.53821656,40,,Healthy,
363600563,73.836749,18.516285,manilkara zapota,"Deccan Gymkhana,Pune",,,,FALSE,PMC,No,,,7.522929936,20,,Heavily Lopped,
363600564,73.836782,18.516441,manilkara zapota,"Deccan Gymkhana,Pune",,,,FALSE,PMC,No,,,4.388375796,20,,Heavily Lopped,
363600526,73.837485,18.516543,bauhinia variegata,"Deccan Gymkhana,Pune",,,,FALSE,PMC,No,,,7.522929936,30,,Healthy,
363600562,73.836649,18.516396,ficus benjamina var. nuda,"Deccan Gymkhana,Pune",,,,FALSE,PMC,No,,,11.2843949,45,,Healthy,
363600536,73.837209,18.516558,morus alba,"Deccan Gymkhana,Pune",,,,FALSE,PMC,No,,,28.83789809,30,,Healthy,
363600252,73.836844,18.516487,mangifera indica,"Deccan Gymkhana,Pune",,,,FALSE,PMC,No,,,25.07643312,40,,Healthy,
363600552,73.836844,18.516487,mangifera indica,"Deccan Gymkhana,Pune",,,,FALSE,PMC,No,,,25.07643312,40,,Healthy,
363600553,73.83678,18.516559,annona squamosa,"Deccan Gymkhana,Pune",,,,FALSE,PMC,No,,,11.2843949,40,,Healthy,
363600533,73.837338,18.516561,bauhinia racemosa,"Deccan Gymkhana,Pune",,,,FALSE,PMC,No,,,6.26910828,15,,Healthy,
363600560,73.836705,18.51631,ficus benjamina var. nuda,"Deccan Gymkhana,Pune",,,,FALSE,PMC,No,,,11.2843949,30,,Heavily Lopped,
363600548,73.837045,18.516571,couroupita guianensis,"Deccan Gymkhana,Pune",,,,FALSE,PMC,No,,,13.79203822,40,,Healthy,
363600559,73.836559,18.516383,ficus benjamina var. nuda,"Deccan Gymkhana,Pune",,,,FALSE,PMC,No,,,25.07643312,40,,Healthy,
363600538,73.837234,18.516586,areca catechu,"Deccan Gymkhana,Pune",,,,FALSE,PMC,No,,,5.015286624,25,,Healthy,
363600550,73.83701,18.516596,psidium guajava,"Deccan Gymkhana,Pune",,,,FALSE,PMC,No,,,2.507643312,10,,Healthy,
363600549,73.83696,18.5166,delonix regia,"Deccan Gymkhana,Pune",,,,FALSE,PMC,No,,,18.80732484,49,,Healthy,
363600519,73.837542,18.516599,cocos nucifera,"Deccan Gymkhana,Pune",,,,FALSE,PMC,No,,,15.04585987,40,,Healthy,
363600525,73.837439,18.516635,pritchardia pacifica,"Deccan Gymkhana,Pune",,,,FALSE,PMC,No,,,7.522929936,35,,Healthy,
363600520,73.837502,18.516638,artocarpus heterophyllus,"Deccan Gymkhana,Pune",,,,FALSE,PMC,No,,,15.04585987,35,,Healthy,
363600541,73.837178,18.516686,michelia champaca,"Deccan Gymkhana,Pune",,,,FALSE,PMC,No,,,3.761464968,25,,Diseased,
363600518,73.837426,18.516689,cocos nucifera,"Deccan Gymkhana,Pune",,,,FALSE,PMC,No,,,8.776751592,25,,Healthy,
363600521,73.837479,18.516693,michelia champaca,"Deccan Gymkhana,Pune",,,,FALSE,PMC,No,,,11.2843949,30,,Healthy,
363600522,73.837479,18.516693,cocos nucifera,"Deccan Gymkhana,Pune",,,,FALSE,PMC,No,,,11.2843949,35,,Healthy,
363600523,73.837414,18.51672,cocos nucifera,"Deccan Gymkhana,Pune",,,,FALSE,PMC,No,,,11.2843949,35,,Healthy,
363600517,73.837424,18.516722,plumeria pudica,"Deccan Gymkhana,Pune",,,,FALSE,PMC,No,,,12.53821656,10,,Healthy,
363600513,73.837611,18.516738,cocos nucifera,"Deccan Gymkhana,Pune",,,,FALSE,PMC,No,,,6.26910828,25,,Healthy,
363600579,73.836841,18.516755,moringa oleifera,"Deccan Gymkhana,Pune",,,,FALSE,PMC,No,,,11.2843949,45,,Healthy,
363600556,73.836917,18.516756,syzygium aromaticum,"Deccan Gymkhana,Pune",,,,FALSE,PMC,No,,,1.253821656,12,,Healthy,
363600542,73.837222,18.516756,michelia champaca,"Deccan Gymkhana,Pune",,,,FALSE,PMC,No,,,2.507643312,15,,Healthy,
363600543,73.837222,18.516756,mangifera indica,"Deccan Gymkhana,Pune",,,,FALSE,PMC,No,,,11.2843949,30,,Healthy,
363600514,73.837523,18.516758,annona reticulata,"Deccan Gymkhana,Pune",,,,FALSE,PMC,No,,,2.507643312,7,,Healthy,
363600557,73.836872,18.516774,ficus elastica,"Deccan Gymkhana,Pune",,,,FALSE,PMC,No,,,5.015286624,15,,Healthy,
363600524,73.837357,18.516785,manilkara hexandra,"Deccan Gymkhana,Pune",,,,FALSE,PMC,No,,,52.66050955,30,,Healthy,
363600545,73.837142,18.516788,polyalthia longifolia,"Deccan Gymkhana,Pune",,,,FALSE,PMC,No,,,3.761464968,25,,Healthy,
363600516,73.837496,18.516789,terminalia catappa,"Deccan Gymkhana,Pune",,,,FALSE,PMC,No,,,4.388375796,10,,Healthy,
363600539,73.83727,18.516792,muntingia calabura,"Deccan Gymkhana,Pune",,,,FALSE,PMC,No,,,2.507643312,20,,Healthy,
363600540,73.83727,18.516792,nyctanthes arbor-tristis,"Deccan Gymkhana,Pune",,,,FALSE,PMC,No,,,5.015286624,25,,Injured,
363600580,73.83702,18.516794,talauma mutabilis (did not find the name),"Deccan Gymkhana,Pune",,,,FALSE,PMC,No,,,12.53821656,45,,Healthy,
363600568,73.836806,18.516795,ficus benjamina var. nuda,"Deccan Gymkhana,Pune",,,,FALSE,PMC,No,,,11.2843949,40,,Healthy,
363600571,73.836821,18.516804,ficus benjamina var. nuda,"Deccan Gymkhana,Pune",,,,FALSE,PMC,No,,,11.2843949,40,,Heavily Lopped,
363600566,73.83675,18.51681,ficus benjamina var. nuda,"Deccan Gymkhana,Pune",,,,FALSE,PMC,No,,,7.522929936,40,,Healthy,
363600567,73.83675,18.51681,ficus benjamina var. nuda,"Deccan Gymkhana,Pune",,,,FALSE,PMC,No,,,10.03057325,35,,Healthy,
363600558,73.836879,18.516813,polyalthia longifolia,"Deccan Gymkhana,Pune",,,,FALSE,PMC,No,,,2.507643312,15,,Healthy,
363600544,73.837181,18.516817,polyalthia longifolia,"Deccan Gymkhana,Pune",,,,FALSE,PMC,No,,,5.015286624,25,,Healthy,
363600578,73.836807,18.516832,spathodea campanulata,"Deccan Gymkhana,Pune",,,,FALSE,PMC,No,,,12.53821656,50,,Healthy,
363600555,73.836716,18.516836,ficus benjamina var. nuda,"Deccan Gymkhana,Pune",,,,FALSE,PMC,No,,,15.04585987,40,,Healthy,
363600570,73.836829,18.516848,ficus benjamina var. nuda,"Deccan Gymkhana,Pune",,,,FALSE,PMC,No,,,15.04585987,40,,Healthy,
363600569,73.836827,18.51685,ficus benjamina var. nuda,"Deccan Gymkhana,Pune",,,,FALSE,PMC,No,,,6.26910828,20,,Heavily Lopped,
363600679,73.836688,18.516856,moringa oleifera,"Deccan Gymkhana,Pune",,,,FALSE,PMC,No,,,28.83789809,20,,Healthy,
363600674,73.836765,18.516861,michelia champaca,"Deccan Gymkhana,Pune",,,,FALSE,PMC,No,,,5.015286624,30,,Healthy,
363600680,73.836785,18.516886,cocos nucifera,"Deccan Gymkhana,Pune",,,,FALSE,PMC,No,,,7.522929936,15,,Healthy,
363600577,73.83672,18.516896,michelia champaca,"Deccan Gymkhana,Pune",,,,FALSE,PMC,No,,,5.015286624,35,,Healthy,
363600581,73.837073,18.516902,mimusops elengi,"Deccan Gymkhana,Pune",,,,FALSE,PMC,No,,,5.015286624,30,,Healthy,
363600589,73.837024,18.516911,polyalthia longifolia,"Deccan Gymkhana,Pune",,,,FALSE,PMC,No,,,6.896019108,30,,Healthy,
363600677,73.836877,18.516921,psidium guajava,"Deccan Gymkhana,Pune",,,,FALSE,PMC,No,,,2.507643312,15,,Healthy,
363600601,73.83726,18.516949,santalum album,"Deccan Gymkhana,Pune",,,,FALSE,PMC,No,,,3.259936306,19,,Healthy,
363600584,73.837093,18.516967,roystonea oleracea,"Deccan Gymkhana,Pune",,,,FALSE,PMC,No,,,3.761464968,20,,Healthy,
363600583,73.837186,18.516967,wodyetia bifurcata,"Deccan Gymkhana,Pune",,,,FALSE,PMC,No,,,3.13455414,20,,Healthy,
363600590,73.837054,18.516968,polyalthia longifolia,"Deccan Gymkhana,Pune",,,,FALSE,PMC,No,,,5.642197452,20,,Healthy,
363600603,73.837334,18.516976,afrocarpus gracilior,"Deccan Gymkhana,Pune",,,,FALSE,PMC,No,,,12.28745223,30,,Healthy,
363600676,73.836904,18.516978,neolamarckia cadamba,"Deccan Gymkhana,Pune",,,,FALSE,PMC,No,,,10.03057325,30,,Healthy,
363600582,73.837048,18.516979,morus alba,"Deccan Gymkhana,Pune",,,,FALSE,PMC,No,,,3.761464968,20,,Healthy,
363600585,73.837181,18.516986,roystonea oleracea,"Deccan Gymkhana,Pune",,,,FALSE,PMC,No,,,4.388375796,30,,Healthy,
363600586,73.837181,18.516986,polyalthia longifolia,"Deccan Gymkhana,Pune",,,,FALSE,PMC,No,,,5.015286624,40,,Healthy,
363600591,73.837012,18.51699,polyalthia longifolia,"Deccan Gymkhana,Pune",,,,FALSE,PMC,No,,,5.015286624,15,,Healthy,
363600673,73.836826,18.516996,manilkara hexandra,"Deccan Gymkhana,Pune",,,,FALSE,PMC,No,,,3.761464968,10,,Heavily Lopped,
363600587,73.837053,18.517,polyalthia longifolia,"Deccan Gymkhana,Pune",,,,FALSE,PMC,No,,,6.26910828,30,,Healthy,
363600600,73.837119,18.517,ochna obtusata,"Deccan Gymkhana,Pune",,,,FALSE,PMC,No,,,3.259936306,10,,Healthy,
363600595,73.837164,18.517005,suregada multiflora,"Deccan Gymkhana,Pune",,,,FALSE,PMC,No,,,3.13455414,20,,Healthy,
363600672,73.836795,18.517023,cocos nucifera,"Deccan Gymkhana,Pune",,,,FALSE,PMC,No,,,12.53821656,20,,Healthy,
363600675,73.836903,18.517024,phyllanthus acidus,"Deccan Gymkhana,Pune",,,,FALSE,PMC,No,,,4.388375796,25,,Healthy,
363600678,73.836903,18.517024,neolamarckia cadamba,"Deccan Gymkhana,Pune",,,,FALSE,PMC,No,,,8.776751592,40,,Healthy,
363600593,73.837242,18.517028,michelia champaca,"Deccan Gymkhana,Pune",,,,FALSE,PMC,No,,,3.761464968,25,,Healthy,
363600597,73.83718,18.517046,psidium guajava,"Deccan Gymkhana,Pune",,,,FALSE,PMC,No,,,5.642197452,30,,Healthy,
363600574,73.836854,18.517051,polyalthia longifolia,"Deccan Gymkhana,Pune",,,,FALSE,PMC,No,,,5.767579618,20,,Healthy,
363600604,73.837331,18.517061,millettia peguensis,"Deccan Gymkhana,Pune",,,,FALSE,PMC,No,,,37.61464968,48,,Healthy,
363600653,73.837102,18.517071,nyctanthes arbor-tristis,"Deccan Gymkhana,Pune",,,,FALSE,PMC,No,,,3.636082803,30,,Healthy,
363600576,73.836752,18.517076,polyalthia longifolia,"Deccan Gymkhana,Pune",,,,FALSE,PMC,No,,,7.522929936,25,,Healthy,
363600575,73.836801,18.517076,polyalthia longifolia,"Deccan Gymkhana,Pune",,,,FALSE,PMC,No,,,5.642197452,20,,Healthy,
363600608,73.837325,18.517079,spathodea campanulata,"Deccan Gymkhana,Pune",,,,FALSE,PMC,No,,,28.83789809,40,,Healthy,
363600605,73.837277,18.517081,santalum album,"Deccan Gymkhana,Pune",,,,FALSE,PMC,No,,,2.507643312,10,,Healthy,
363600687,73.837043,18.517085,tamarindus indica,"Deccan Gymkhana,Pune",,,,FALSE,PMC,No,,,15.04585987,45,,Healthy,
363600606,73.837345,18.517085,leucaena latisiliqua,"Deccan Gymkhana,Pune",,,,FALSE,PMC,No,,,2.507643312,16,,Healthy,
363600598,73.837277,18.517086,santalum album,"Deccan Gymkhana,Pune",,,,FALSE,PMC,No,,,3.761464968,20,,Healthy,
363600609,73.83728,18.517087,drypetes roxburghii,"Deccan Gymkhana,Pune",,,,FALSE,PMC,No,,,3.636082803,10,,Healthy,
363600610,73.837335,18.517087,leucaena latisiliqua,"Deccan Gymkhana,Pune",,,,FALSE,PMC,No,,,3.636082803,20,,Healthy,
363600596,73.837148,18.517088,drypetes roxburghii,"Deccan Gymkhana,Pune",,,,FALSE,PMC,No,,,4.388375796,25,,Healthy,
363600594,73.837212,18.51709,polyalthia longifolia,"Deccan Gymkhana,Pune",,,,FALSE,PMC,No,,,8.776751592,30,,Healthy,
363600588,73.837093,18.517094,polyalthia longifolia,"Deccan Gymkhana,Pune",,,,FALSE,PMC,No,,,2.507643312,12,,Healthy,
363600592,73.836968,18.517099,polyalthia longifolia,"Deccan Gymkhana,Pune",,,,FALSE,PMC,No,,,5.642197452,35,,Healthy,
363600599,73.837284,18.5171,drypetes roxburghii,"Deccan Gymkhana,Pune",,,,FALSE,PMC,No,,,3.13455414,10,,Healthy,
363600607,73.837288,18.517108,santalum album,"Deccan Gymkhana,Pune",,,,FALSE,PMC,No,,,1.504585987,6,,Healthy,
363600671,73.836899,18.517111,annona squamosa,"Deccan Gymkhana,Pune",,,,FALSE,PMC,No,,,2.507643312,10,,Healthy,
363600665,73.836967,18.517115,polyalthia longifolia,"Deccan Gymkhana,Pune",,,,FALSE,PMC,No,,,3.13455414,20,,Healthy,
363600602,73.83721,18.517115,olea dioica,"Deccan Gymkhana,Pune",,,,FALSE,PMC,No,,,4.513757962,20,,Healthy,
363600651,73.837039,18.517116,pongamia pinnata,"Deccan Gymkhana,Pune",,,,FALSE,PMC,No,,,21.31496815,42,,Healthy,
363600611,73.837339,18.517119,tectona grandis,"Deccan Gymkhana,Pune",,,,FALSE,PMC,No,,,3.510700637,20,,Healthy,
363600572,73.836903,18.517123,polyalthia longifolia,"Deccan Gymkhana,Pune",,,,FALSE,PMC,No,,,7.522929936,25,,Healthy,
363600650,73.837049,18.517125,polyalthia longifolia,"Deccan Gymkhana,Pune",,,,FALSE,PMC,No,,,1.253821656,9,,Healthy,
363600663,73.836957,18.51713,santalum album,"Deccan Gymkhana,Pune",,,,FALSE,PMC,No,,,3.761464968,20,,Healthy,
363600686,73.836984,18.51713,ziziphus glabrata,"Deccan Gymkhana,Pune",,,,FALSE,PMC,No,,,5.015286624,20,,Healthy,
363600652,73.837086,18.517134,polyalthia longifolia,"Deccan Gymkhana,Pune",,,,FALSE,PMC,No,,,3.009171975,35,,Healthy,
363600654,73.837098,18.517139,annona reticulata,"Deccan Gymkhana,Pune",,,,FALSE,PMC,No,,,3.13455414,13,,Healthy,
363600655,73.837098,18.517139,grevillea robusta,"Deccan Gymkhana,Pune",,,,FALSE,PMC,No,,,30.09171975,50,,Healthy,
363600656,73.837098,18.517139,annona reticulata,"Deccan Gymkhana,Pune",,,,FALSE,PMC,No,,,3.385318471,10,,Healthy,
363600612,73.837268,18.51714,polyalthia longifolia,"Deccan Gymkhana,Pune",,,,FALSE,PMC,No,,,6.26910828,28,,Healthy,
363600669,73.836827,18.517145,polyalthia longifolia,"Deccan Gymkhana,Pune",,,,FALSE,PMC,No,,,3.761464968,25,,Diseased,
363600648,73.837029,18.517165,polyalthia longifolia,"Deccan Gymkhana,Pune",,,,FALSE,PMC,No,,,1.504585987,8,,Healthy,
363600573,73.836894,18.51717,polyalthia longifolia,"Deccan Gymkhana,Pune",,,,FALSE,PMC,No,,,7.522929936,25,,Healthy,
363600667,73.836851,18.517172,polyalthia longifolia,"Deccan Gymkhana,Pune",,,,FALSE,PMC,No,,,1.880732484,20,,Healthy,
363600668,73.836851,18.517172,nyctanthes arbor-tristis,"Deccan Gymkhana,Pune",,,,FALSE,PMC,No,,,7.522929936,20,,Healthy,
363600689,73.837045,18.517176,syzygium aromaticum,"Deccan Gymkhana,Pune",,,,FALSE,PMC,No,,,7.522929936,25,,Healthy,
363600649,73.837175,18.517176,polyalthia longifolia,"Deccan Gymkhana,Pune",,,,FALSE,PMC,No,,,2.382261146,16,,Healthy,
363600613,73.837241,18.517179,nyctanthes arbor-tristis,"Deccan Gymkhana,Pune",,,,FALSE,PMC,No,,,5.015286624,18,,Healthy,
363600670,73.836832,18.517181,polyalthia longifolia,"Deccan Gymkhana,Pune",,,,FALSE,PMC,No,,,4.388375796,30,,Healthy,
363600685,73.836931,18.51719,mangifera indica,"Deccan Gymkhana,Pune",,,,FALSE,PMC,No,,,43.88375796,40,,Healthy,
363600614,73.837147,18.517196,polyalthia longifolia,"Deccan Gymkhana,Pune",,,,FALSE,PMC,No,,,4.639140127,29,,Healthy,
363600688,73.837003,18.517201,artocarpus heterophyllus,"Deccan Gymkhana,Pune",,,,FALSE,PMC,No,,,10.03057325,40,,Healthy,
363600666,73.8369,18.517204,caesalpinia pulcherrima,"Deccan Gymkhana,Pune",,,,FALSE,PMC,No,,,4.388375796,20,,Healthy,
363600616,73.837219,18.517207,polyalthia longifolia,"Deccan Gymkhana,Pune",,,,FALSE,PMC,No,,,20.0611465,38,,Healthy,
363600664,73.83692,18.51721,polyalthia longifolia,"Deccan Gymkhana,Pune",,,,FALSE,PMC,No,,,3.761464968,25,,Healthy,
363600659,73.836995,18.517233,gliricidia sepium,"Deccan Gymkhana,Pune",,,,FALSE,PMC,No,,,18.80732484,30,,Healthy,
363600661,73.836884,18.517239,olea dioica,"Deccan Gymkhana,Pune",,,,FALSE,PMC,No,,,15.04585987,30,,Healthy,
363600690,73.837074,18.517239,erythrina suberosa,"Deccan Gymkhana,Pune",,,,FALSE,PMC,No,,,15.04585987,35,,Healthy,
363600681,73.836862,18.517242,artocarpus heterophyllus,"Deccan Gymkhana,Pune",,,,FALSE,PMC,No,,,11.2843949,30,,Healthy,
363600682,73.836862,18.517242,cocos nucifera,"Deccan Gymkhana,Pune",,,,FALSE,PMC,No,,,11.2843949,30,,Healthy,
363600683,73.836862,18.517242,suregada multiflora,"Deccan Gymkhana,Pune",,,,FALSE,PMC,No,,,2.507643312,10,,Injured,
363600684,73.836862,18.517242,cocos nucifera,"Deccan Gymkhana,Pune",,,,FALSE,PMC,No,,,12.53821656,35,,Healthy,
363600615,73.837195,18.51725,polyalthia longifolia,"Deccan Gymkhana,Pune",,,,FALSE,PMC,No,,,21.31496815,39,,Healthy,
363600617,73.837299,18.517271,polyalthia longifolia,"Deccan Gymkhana,Pune",,,,FALSE,PMC,No,,,17.55350318,37,,Healthy,
363600618,73.837299,18.517271,polyalthia longifolia,"Deccan Gymkhana,Pune",,,,FALSE,PMC,No,,,7.522929936,35,,Healthy,
363600619,73.83739,18.517271,polyalthia longifolia,"Deccan Gymkhana,Pune",,,,FALSE,PMC,No,,,5.767579618,35,,Healthy,
363600662,73.836967,18.517292,spathodea campanulata,"Deccan Gymkhana,Pune",,,,FALSE,PMC,No,,,18.80732484,40,,Healthy,
363600620,73.837213,18.517297,polyalthia longifolia,"Deccan Gymkhana,Pune",,,,FALSE,PMC,No,,,20.0611465,38,,Healthy,
363600658,73.837096,18.517298,delonix regia,"Deccan Gymkhana,Pune",,,,FALSE,PMC,No,,,18.80732484,35,,Healthy,
363600621,73.837234,18.5173,polyalthia longifolia,"Deccan Gymkhana,Pune",,,,FALSE,PMC,No,,,3.761464968,15,,Healthy,
363600647,73.837112,18.517322,mangifera indica,"Deccan Gymkhana,Pune",,,,FALSE,PMC,No,,,20.0611465,40,,Healthy,
363600691,73.83707,18.517323,leucaena latisiliqua,"Deccan Gymkhana,Pune",,,,FALSE,PMC,No,,,5.015286624,25,,Healthy,
363600692,73.83707,18.517323,leucaena latisiliqua,"Deccan Gymkhana,Pune",,,,FALSE,PMC,No,,,3.761464968,25,,Healthy,
363600693,73.83707,18.517323,leucaena latisiliqua,"Deccan Gymkhana,Pune",,,,FALSE,PMC,No,,,6.26910828,20,,Healthy,
363600636,73.837254,18.517327,spathodea campanulata,"Deccan Gymkhana,Pune",,,,FALSE,PMC,No,,,13.79203822,40,,Healthy,
363600639,73.837166,18.51733,polyalthia longifolia,"Deccan Gymkhana,Pune",,,,FALSE,PMC,No,,,3.761464968,25,,Healthy,
363600643,73.837159,18.517339,saraca asoca,"Deccan Gymkhana,Pune",,,,FALSE,PMC,No,,,3.385318471,20,,Healthy,
363600660,73.836945,18.517348,gliricidia sepium,"Deccan Gymkhana,Pune",,,,FALSE,PMC,No,,,11.2843949,25,,Healthy,
363600646,73.836975,18.517348,saraca asoca,"Deccan Gymkhana,Pune",,,,FALSE,PMC,No,,,1.379203822,10,,Healthy,
363600695,73.837042,18.517355,leucaena latisiliqua,"Deccan Gymkhana,Pune",,,,FALSE,PMC,No,,,3.761464968,25,,Healthy,
363600628,73.837268,18.517358,azadirachta indica,"Deccan Gymkhana,Pune",,,,FALSE,PMC,No,,,11.2843949,30,,Healthy,
363600640,73.837163,18.517362,polyalthia longifolia,"Deccan Gymkhana,Pune",,,,FALSE,PMC,No,,,3.761464968,25,,Healthy,
363600638,73.837147,18.517377,couroupita guianensis,"Deccan Gymkhana,Pune",,,,FALSE,PMC,No,,,3.761464968,20,,Healthy,
363600644,73.837102,18.517378,spathodea campanulata,"Deccan Gymkhana,Pune",,,,FALSE,PMC,No,,,1.629968153,10,,Healthy,
363600642,73.837189,18.517379,polyalthia longifolia,"Deccan Gymkhana,Pune",,,,FALSE,PMC,No,,,11.2843949,35,,Healthy,
363600715,73.837211,18.517386,polyalthia longifolia,"Deccan Gymkhana,Pune",,,,FALSE,PMC,No,,,10.03057325,35,,Healthy,
363600634,73.837245,18.517388,polyalthia longifolia,"Deccan Gymkhana,Pune",,,,FALSE,PMC,No,,,5.015286624,30,,Healthy,
363600637,73.837165,18.51739,polyalthia longifolia,"Deccan Gymkhana,Pune",,,,FALSE,PMC,No,,,1.253821656,10,,Healthy,
363600623,73.837326,18.517392,ficus racemosa,"Deccan Gymkhana,Pune",,,,FALSE,PMC,No,,,3.13455414,15,,Healthy,
363600645,73.837147,18.517393,saraca asoca,"Deccan Gymkhana,Pune",,,,FALSE,PMC,No,,,1.880732484,20,,Healthy,
363600709,73.837425,18.517393,cocos nucifera,"Deccan Gymkhana,Pune",,,,FALSE,PMC,No,,,5.015286624,40,,Healthy,
363600694,73.83702,18.517396,leucaena latisiliqua,"Deccan Gymkhana,Pune",,,,FALSE,PMC,No,,,28.83789809,20,,Healthy,
363600629,73.837327,18.517396,polyalthia longifolia,"Deccan Gymkhana,Pune",,,,FALSE,PMC,No,,,5.015286624,20,,Healthy,
363600711,73.837364,18.517399,petrea arborea,"Deccan Gymkhana,Pune",,,,FALSE,PMC,No,,,6.26910828,30,,Healthy,
363600641,73.837133,18.517404,polyalthia longifolia,"Deccan Gymkhana,Pune",,,,FALSE,PMC,No,,,1.253821656,10,,Healthy,
363600716,73.837165,18.517404,polyalthia longifolia,"Deccan Gymkhana,Pune",,,,FALSE,PMC,No,,,25.07643312,40,,Healthy,
363600632,73.837263,18.517406,polyalthia longifolia,"Deccan Gymkhana,Pune",,,,FALSE,PMC,No,,,5.015286624,30,,Healthy,
363600697,73.837124,18.517409,leucaena latisiliqua,"Deccan Gymkhana,Pune",,,,FALSE,PMC,No,,,8.776751592,25,,Healthy,
363600710,73.837417,18.517415,canarium ovatum,"Deccan Gymkhana,Pune",,,,FALSE,PMC,No,,,5.015286624,20,,Healthy,
363700354,73.837544,18.517418,callistemon citrinus,"Deccan Gymkhana,Pune",,,,FALSE,PMC,No,,,3.761464968,14,,Healthy,
363600630,73.837232,18.517425,spathodea campanulata,"Deccan Gymkhana,Pune",,,,FALSE,PMC,No,,,30.09171975,40,,Healthy,
363600626,73.837299,18.517426,polyalthia longifolia,"Deccan Gymkhana,Pune",,,,FALSE,PMC,No,,,3.761464968,20,,Healthy,
363600714,73.837241,18.517429,polyalthia longifolia,"Deccan Gymkhana,Pune",,,,FALSE,PMC,No,,,15.04585987,25,,Healthy,
363600708,73.837402,18.517433,leucaena latisiliqua,"Deccan Gymkhana,Pune",,,,FALSE,PMC,No,,,5.015286624,30,,Healthy,
363600633,73.837226,18.517434,syzygium aromaticum,"Deccan Gymkhana,Pune",,,,FALSE,PMC,No,,,12.53821656,40,,Healthy,
363600696,73.837036,18.517437,leucaena latisiliqua,"Deccan Gymkhana,Pune",,,,FALSE,PMC,No,,,6.26910828,25,,Healthy,
363600625,73.83739,18.517437,polyalthia longifolia,"Deccan Gymkhana,Pune",,,,FALSE,PMC,No,,,1.880732484,10,,Healthy,
363600713,73.837303,18.517441,leucaena latisiliqua,"Deccan Gymkhana,Pune",,,,FALSE,PMC,No,,,6.26910828,35,,Healthy,
363600717,73.837189,18.517442,olea dioica,"Deccan Gymkhana,Pune",,,,FALSE,PMC,No,,,10.03057325,25,,Healthy,
363600627,73.837238,18.517443,polyalthia longifolia,"Deccan Gymkhana,Pune",,,,FALSE,PMC,No,,,5.015286624,20,,Healthy,
363600635,73.837193,18.517444,chrysalidocarpus renda,"Deccan Gymkhana,Pune",,,,FALSE,PMC,No,,,28.83789809,20,,Healthy,
363600730,73.836789,18.517446,albizia amara,"Deccan Gymkhana,Pune",,,,FALSE,PMC,No,,,7.522929936,20,,Healthy,
363600622,73.837379,18.517451,polyalthia longifolia,"Deccan Gymkhana,Pune",,,,FALSE,PMC,No,,,15.04585987,35,,Healthy,
363600733,73.836947,18.517452,spathodea campanulata,"Deccan Gymkhana,Pune",,,,FALSE,PMC,No,,,8.776751592,35,,Healthy,
363600624,73.837359,18.517453,polyalthia longifolia,"Deccan Gymkhana,Pune",,,,FALSE,PMC,No,,,3.009171975,15,,Healthy,
363600724,73.836779,18.517455,santalum album,"Deccan Gymkhana,Pune",,,,FALSE,PMC,No,,,3.761464968,15,,Healthy,
363600734,73.837043,18.517458,spathodea campanulata,"Deccan Gymkhana,Pune",,,,FALSE,PMC,No,,,7.522929936,20,,Healthy,
363600736,73.83704,18.51746,cocos nucifera,"Deccan Gymkhana,Pune",,,,FALSE,PMC,No,,,15.04585987,40,,Healthy,
363600706,73.837458,18.517463,polyalthia longifolia,"Deccan Gymkhana,Pune",,,,FALSE,PMC,No,,,11.2843949,40,,Healthy,
363600707,73.837458,18.517463,polyalthia longifolia,"Deccan Gymkhana,Pune",,,,FALSE,PMC,No,,,5.642197452,35,,Injured,
363600725,73.83662,18.51748,mimusops elengi,"Deccan Gymkhana,Pune",,,,FALSE,PMC,No,,,3.761464968,13,,Healthy,
363600731,73.836875,18.51748,manilkara zapota,"Deccan Gymkhana,Pune",,,,FALSE,PMC,No,,,6.26910828,15,,Healthy,
363600727,73.836659,18.517489,ochna obtusata,"Deccan Gymkhana,Pune",,,,FALSE,PMC,No,,,2.507643312,12,,Healthy,
363600631,73.83722,18.51749,polyalthia longifolia,"Deccan Gymkhana,Pune",,,,FALSE,PMC,No,,,3.761464968,25,,Healthy,
363600720,73.836676,18.517491,millettia peguensis,"Deccan Gymkhana,Pune",,,,FALSE,PMC,No,,,10.03057325,35,,Healthy,
363600729,73.83681,18.517492,ochna obtusata,"Deccan Gymkhana,Pune",,,,FALSE,PMC,No,,,3.761464968,12,,Healthy,
363600698,73.836657,18.517496,moringa oleifera,"Deccan Gymkhana,Pune",,,,FALSE,PMC,No,,,3.761464968,20,,Healthy,
363600699,73.836657,18.517496,araucaria heterophylla,"Deccan Gymkhana,Pune",,,,FALSE,PMC,No,,,6.26910828,14,,Healthy,
363600700,73.836657,18.517496,mangifera indica,"Deccan Gymkhana,Pune",,,,FALSE,PMC,No,,,18.80732484,35,,Healthy,
363600701,73.836657,18.517496,artocarpus heterophyllus,"Deccan Gymkhana,Pune",,,,FALSE,PMC,No,,,8.776751592,25,,Healthy,
363600702,73.836657,18.517496,mangifera indica,"Deccan Gymkhana,Pune",,,,FALSE,PMC,No,,,25.07643312,30,,Healthy,
363600704,73.836657,18.517496,leucaena latisiliqua,"Deccan Gymkhana,Pune",,,,FALSE,PMC,No,,,8.776751592,35,,Healthy,
363600719,73.836671,18.517501,spathodea campanulata,"Deccan Gymkhana,Pune",,,,FALSE,PMC,No,,,25.07643312,45,,Healthy,
363600732,73.836962,18.517504,artocarpus heterophyllus,"Deccan Gymkhana,Pune",,,,FALSE,PMC,No,,,11.2843949,25,,Healthy,
363600703,73.837515,18.517521,delonix regia,"Deccan Gymkhana,Pune",,,,FALSE,PMC,No,,,5.015286624,15,,Healthy,
363600705,73.837515,18.517521,polyalthia longifolia,"Deccan Gymkhana,Pune",,,,FALSE,PMC,No,,,8.776751592,30,,Healthy,
363600728,73.836788,18.517533,millettia peguensis,"Deccan Gymkhana,Pune",,,,FALSE,PMC,No,,,37.61464968,50,,Healthy,
363600726,73.836627,18.517526,millettia peguensis,"Deccan Gymkhana,Pune",,,,FALSE,PMC,No,,,3.761464968,14,,Healthy,
363600721,73.836637,18.517553,leucaena latisiliqua,"Deccan Gymkhana,Pune",,,,FALSE,PMC,No,,,10.03057325,40,,Healthy,
363600722,73.836737,18.517587,santalum album,"Deccan Gymkhana,Pune",,,,FALSE,PMC,No,,,3.761464968,12,,Healthy,
363600737,73.837059,18.517587,spathodea campanulata,"Deccan Gymkhana,Pune",,,,FALSE,PMC,No,,,15.04585987,35,,Healthy,
363600738,73.837113,18.517587,spathodea campanulata,"Deccan Gymkhana,Pune",,,,FALSE,PMC,No,,,3.761464968,15,,Healthy,
363600739,73.837113,18.517587,spathodea campanulata,"Deccan Gymkhana,Pune",,,,FALSE,PMC,No,,,6.26910828,22,,Healthy,
363600740,73.837113,18.517587,spathodea campanulata,"Deccan Gymkhana,Pune",,,,FALSE,PMC,No,,,8.776751592,25,,Healthy,
363600723,73.836774,18.517589,polyalthia longifolia,"Deccan Gymkhana,Pune",,,,FALSE,PMC,No,,,10.03057325,30,,Healthy,
363600735,73.837002,18.517591,mangifera indica,"Deccan Gymkhana,Pune",,,,FALSE,PMC,No,,,25.07643312,35,,Healthy,
363600741,73.837112,18.517594,spathodea campanulata,"Deccan Gymkhana,Pune",,,,FALSE,PMC,No,,,15.04585987,45,,Healthy,
363600742,73.837112,18.517594,spathodea campanulata,"Deccan Gymkhana,Pune",,,,FALSE,PMC,No,,,12.53821656,40,,Healthy,
363600712,73.837349,18.517635,mangifera indica,"Deccan Gymkhana,Pune",,,,FALSE,PMC,No,,,3.761464968,15,,Healthy,
363600746,73.836981,18.517637,emblica officinalis,"Deccan Gymkhana,Pune",,,,FALSE,PMC,No,,,7.522929936,25,,Healthy,
363600745,73.836932,18.517656,mangifera indica,"Deccan Gymkhana,Pune",,,,FALSE,PMC,No,,,25.07643312,40,,Healthy,
363600750,73.836808,18.517662,caesalpinia pulcherrima,"Deccan Gymkhana,Pune",,,,FALSE,PMC,No,,,3.761464968,20,,Injured,
363600785,73.837296,18.517665,ziziphus glabrata,"Deccan Gymkhana,Pune",,,,FALSE,PMC,No,,,4.388375796,15,,Healthy,
363600743,73.837124,18.517683,cassia renigera,"Deccan Gymkhana,Pune",,,,FALSE,PMC,No,,,7.522929936,18,,Diseased,
363600744,73.837171,18.517692,spathodea campanulata,"Deccan Gymkhana,Pune",,,,FALSE,PMC,No,,,18.80732484,50,,Healthy,
363600751,73.836764,18.517697,psidium guajava,"Deccan Gymkhana,Pune",,,,FALSE,PMC,No,,,4.388375796,20,,Healthy,
363600749,73.836805,18.517698,mangifera indica,"Deccan Gymkhana,Pune",,,,FALSE,PMC,No,,,18.80732484,40,,Healthy,
363600748,73.836949,18.517702,drypetes roxburghii,"Deccan Gymkhana,Pune",,,,FALSE,PMC,No,,,3.761464968,13,,Healthy,
363600747,73.836968,18.517702,talauma mutabilis (did not find the name),"Deccan Gymkhana,Pune",,,,FALSE,PMC,No,,,5.015286624,14,,Healthy,
363600760,73.836957,18.517704,psidium guajava,"Deccan Gymkhana,Pune",,,,FALSE,PMC,No,,,3.761464968,25,,Healthy,
363600759,73.837012,18.517704,emblica officinalis,"Deccan Gymkhana,Pune",,,,FALSE,PMC,No,,,6.26910828,35,,Healthy,
363600792,73.837076,18.517712,leucaena latisiliqua,"Deccan Gymkhana,Pune",,,,FALSE,PMC,No,,,11.2843949,38,,Healthy,
363600788,73.837142,18.517722,millettia peguensis,"Deccan Gymkhana,Pune",,,,FALSE,PMC,No,,,20.0611465,36,,Healthy,
363600793,73.837085,18.517723,delonix regia,"Deccan Gymkhana,Pune",,,,FALSE,PMC,No,,,8.776751592,40,,Healthy,
363600797,73.837341,18.517724,psidium guajava,"Deccan Gymkhana,Pune",,,,FALSE,PMC,No,,,3.259936306,10,,Healthy,
363600790,73.83712,18.517727,leucaena latisiliqua,"Deccan Gymkhana,Pune",,,,FALSE,PMC,No,,,2.507643312,18,,Healthy,
363600791,73.83712,18.517727,ficus arnottiana,"Deccan Gymkhana,Pune",,,,FALSE,PMC,No,,,4.388375796,25,,Healthy,
363600807,73.837628,18.517722,grevillea robusta,"Deccan Gymkhana,Pune",,,,FALSE,PMC,No,,,6.018343949,24,,Healthy,
363600752,73.836853,18.517735,drypetes roxburghii,"Deccan Gymkhana,Pune",,,,FALSE,PMC,No,,,4.388375796,30,,Heavily Lopped,
363600758,73.837045,18.517747,mangifera indica,"Deccan Gymkhana,Pune",,,,FALSE,PMC,No,,,5.642197452,30,,Healthy,
363600787,73.837296,18.517749,tamarindus indica,"Deccan Gymkhana,Pune",,,,FALSE,PMC,No,,,4.388375796,26,,Healthy,
363600794,73.836918,18.517755,terminalia catappa,"Deccan Gymkhana,Pune",,,,FALSE,PMC,No,,,7.522929936,36,,Healthy,
363600784,73.837371,18.517761,leucaena latisiliqua,"Deccan Gymkhana,Pune",,,,FALSE,PMC,No,,,3.761464968,17,,Healthy,
363600786,73.837244,18.517763,delonix regia,"Deccan Gymkhana,Pune",,,,FALSE,PMC,No,,,20.0611465,36,,Healthy,
363600795,73.837424,18.517769,cascabela thevetia,"Deccan Gymkhana,Pune",,,,FALSE,PMC,No,,,3.761464968,20,,Healthy,
363600796,73.837424,18.517769,tamarindus indica,"Deccan Gymkhana,Pune",,,,FALSE,PMC,No,,,17.55350318,35,,Healthy,
363600757,73.836961,18.51777,azadirachta indica,"Deccan Gymkhana,Pune",,,,FALSE,PMC,No,,,6.26910828,30,,Healthy,
363600789,73.837136,18.51777,spathodea campanulata,"Deccan Gymkhana,Pune",,,,FALSE,PMC,No,,,4.639140127,27,,Healthy,
363600756,73.837011,18.517772,punica granatum,"Deccan Gymkhana,Pune",,,,FALSE,PMC,No,,,4.388375796,30,,Healthy,
363600718,73.837108,18.517778,cocos nucifera,"Deccan Gymkhana,Pune",,,,FALSE,PMC,No,,,15.04585987,45,,Healthy,
363600754,73.836844,18.517792,cocos nucifera,"Deccan Gymkhana,Pune",,,,FALSE,PMC,No,,,7.522929936,45,,Healthy,
363600806,73.837596,18.517805,grevillea robusta,"Deccan Gymkhana,Pune",,,,FALSE,PMC,No,,,11.2843949,55,,Healthy,
363600753,73.83673,18.517806,mangifera indica,"Deccan Gymkhana,Pune",,,,FALSE,PMC,No,,,15.04585987,50,,Healthy,
363600798,73.837482,18.517814,delonix regia,"Deccan Gymkhana,Pune",,,,FALSE,PMC,No,,,10.03057325,10,,Diseased,
363600755,73.836995,18.517815,artocarpus heterophyllus,"Deccan Gymkhana,Pune",,,,FALSE,PMC,No,,,12.53821656,40,,Healthy,
363600779,73.837041,18.517832,ficus racemosa,"Deccan Gymkhana,Pune",,,,FALSE,PMC,No,,,15.04585987,30,,Healthy,
363600771,73.836783,18.517845,drypetes roxburghii,"Deccan Gymkhana,Pune",,,,FALSE,PMC,No,,,2.507643312,12,,Healthy,
363600769,73.836748,18.517873,mimusops elengi,"Deccan Gymkhana,Pune",,,,FALSE,PMC,No,,,6.26910828,25,,Healthy,
363600773,73.836853,18.51788,michelia champaca,"Deccan Gymkhana,Pune",,,,FALSE,PMC,No,,,6.26910828,20,,Healthy,
363600761,73.836832,18.517889,suregada multiflora,"Deccan Gymkhana,Pune",,,,FALSE,PMC,No,,,2.507643312,12,,Healthy,
363600762,73.836832,18.517889,tabebuia avellanedae,"Deccan Gymkhana,Pune",,,,FALSE,PMC,No,,,3.761464968,13,,Healthy,
363600768,73.836767,18.517891,leucaena latisiliqua,"Deccan Gymkhana,Pune",,,,FALSE,PMC,No,,,6.26910828,30,,Healthy,
363600770,73.836716,18.517906,mimusops elengi,"Deccan Gymkhana,Pune",,,,FALSE,PMC,No,,,3.761464968,25,,Healthy,
363600769,73.836811,18.517913,polyalthia longifolia,"Deccan Gymkhana,Pune",,,,FALSE,PMC,No,,,7.522929936,35,,Healthy,
363600772,73.836655,18.517924,olea dioica,"Deccan Gymkhana,Pune",,,,FALSE,PMC,No,,,15.04585987,45,,Healthy,
363600804,73.837586,18.51793,grevillea robusta,"Deccan Gymkhana,Pune",,,,FALSE,PMC,No,,,15.04585987,45,,Healthy,
363600805,73.837586,18.51793,grevillea robusta,"Deccan Gymkhana,Pune",,,,FALSE,PMC,No,,,33.85318471,58,,Healthy,
363600764,73.836733,18.51794,saraca asoca,"Deccan Gymkhana,Pune",,,,FALSE,PMC,No,,,8.776751592,20,,Healthy,
363600766,73.836699,18.51795,polyalthia longifolia,"Deccan Gymkhana,Pune",,,,FALSE,PMC,No,,,12.53821656,45,,Healthy,
363600767,73.836699,18.51795,polyalthia longifolia,"Deccan Gymkhana,Pune",,,,FALSE,PMC,No,,,7.522929936,25,,Healthy,
363600776,73.837114,18.517964,petrea arborea,"Deccan Gymkhana,Pune",,,,FALSE,PMC,No,,,15.04585987,46,,Healthy,
363600778,73.837225,18.517973,ficus racemosa,"Deccan Gymkhana,Pune",,,,FALSE,PMC,No,,,7.522929936,20,,Healthy,
363600799,73.83734,18.517975,ochna obtusata,"Deccan Gymkhana,Pune",,,,FALSE,PMC,No,,,5.767579618,20,,Healthy,
363600803,73.837707,18.51798,grevillea robusta,"Deccan Gymkhana,Pune",,,,FALSE,PMC,No,,,1.504585987,10,,Healthy,
363600801,73.837486,18.517986,calophyllum inophyllum,"Deccan Gymkhana,Pune",,,,FALSE,PMC,No,,,17.42812102,45,,Healthy,
363600780,73.837331,18.517988,delonix regia,"Deccan Gymkhana,Pune",,,,FALSE,PMC,No,,,15.04585987,35,,Healthy,
363600783,73.837283,18.518007,samanea saman (Albizia saman),"Deccan Gymkhana,Pune",,,,FALSE,PMC,No,,,50.15286624,50,,Healthy,
363600802,73.837581,18.518008,ficus racemosa,"Deccan Gymkhana,Pune",,,,FALSE,PMC,No,,,28.83789809,25,,Healthy,
363600781,73.837266,18.51801,nyctanthes arbor-tristis,"Deccan Gymkhana,Pune",,,,FALSE,PMC,No,,,3.761464968,15,,Healthy,
363600763,73.836681,18.518021,drypetes roxburghii,"Deccan Gymkhana,Pune",,,,FALSE,PMC,No,,,15.04585987,30,,Healthy,
363600765,73.836699,18.518035,leucaena latisiliqua,"Deccan Gymkhana,Pune",,,,FALSE,PMC,No,,,10.03057325,45,,Healthy,
363600774,73.836904,18.518052,jacaranda mimosifolia,"Deccan Gymkhana,Pune",,,,FALSE,PMC,No,,,37.61464968,50,,Healthy,
363600782,73.837295,18.518053,terminalia catappa,"Deccan Gymkhana,Pune",,,,FALSE,PMC,No,,,6.26910828,30,,Healthy,
363600777,73.837144,18.518056,terminalia catappa,"Deccan Gymkhana,Pune",,,,FALSE,PMC,No,,,3.761464968,14,,Healthy,
363600800,73.837451,18.518153,delonix regia,"Deccan Gymkhana,Pune",,,,FALSE,PMC,No,,,12.28745223,45,,Healthy,
363600775,73.837077,18.518098,spathodea campanulata,"Deccan Gymkhana,Pune",,,,FALSE,PMC,No,,,10.03057325,30,,Healthy,
